Id,name,relicTime,type,metiral,author,descriptoin,imageUrl,moreUrl,museum,location,simpleTime
1,Jar,Sung Dynasty (960-1280),Vessel,null,China?(Chinese),Teakwood cover with white jade finial,http://emuseum.toledomuseum.org/internal/media/dispatcher/51158/preview,http://emuseum.toledomuseum.org/objects/56220/jar?ctx=0a153d21-f980-43a7-a1ce-bf2f5f90e5ad&idx=5,Toledo Museum of Art,American,1210
2,Y邦 (Ritual vessel),"Zhou Dynasty (1045-222 BCE), about 950 BCE",Vessel,null,China?(Chinese),"Purchased with funds from the Libbey Endowment, Gift of Edward Drummond Libbey",http://emuseum.toledomuseum.org/internal/media/dispatcher/73391/preview,http://emuseum.toledomuseum.org/objects/57191/yu-ritual-vessel-for-food?ctx=0a153d21-f980-43a7-a1ce-bf2f5f90e5ad&idx=6,Toledo Museum of Art,American,1045
3,Vase,1887,Vessel,null,Royal Worecester Porcelain Company?(British),Gift of Mrs. Charles Reynolds Macomber in memory of the family of Charles Louis Reynolds,http://emuseum.toledomuseum.org/internal/media/dispatcher/51029/preview,http://emuseum.toledomuseum.org/objects/66167/vase?ctx=545fb1f3-1d23-4823-9414-07dba89e05d5&idx=29,Toledo Museum of Art,American,1887
4,Vase and Stand,1883,Vessel,null,Royal Worecester Porcelain Company?(British),Gift of Mrs. Charles Reynolds Macomber in memory of the family of Charles Louis Reynolds,http://emuseum.toledomuseum.org/internal/media/dispatcher/51028/preview,http://emuseum.toledomuseum.org/objects/66166/vase-and-stand?ctx=545fb1f3-1d23-4823-9414-07dba89e05d5&idx=28,Toledo Museum of Art,American,1883
5,Vase with Double Cover,1889,Vessel,null,Royal Worecester Porcelain Company?(British),Gift of Mrs. Charles Reynolds Macomber in memory of the family of Charles Louis Reynolds,http://emuseum.toledomuseum.org/internal/media/dispatcher/51031/preview,http://emuseum.toledomuseum.org/objects/66168/vase-with-double-cover?ctx=545fb1f3-1d23-4823-9414-07dba89e05d5&idx=30,Toledo Museum of Art,American,1889
6,Sitting Monkey,2nd-1st century BCE,Sculpture,null,China,"This rare wood monkey was created as a mingqi (ming-chee), an object made specifically for a burial chamber. It was carved for a tomb in the state of Chu in southern China where wood was more prevalent 每 mingqi in the north of China were usually baked clay since wood was scarce. These wood figures were almost always coated with thin layers of lacquer, a resin extracted from a lacquer tree (gishu). The addition of lacquer to a wood sculpture made it highly resistant to insects and water, thus preserving this object for more than two thousand years.",http://emuseum.toledomuseum.org/internal/media/dispatcher/64960/preview,http://emuseum.toledomuseum.org/objects/60070/sitting-monkey?ctx=441fc1a9-66c1-4712-bb77-e675df8e016c&idx=47,Toledo Museum of Art,American,-100
7,Bronze Hu,"17th century, late Ming Dynasty (1368-1644)",Vessel,Bronze,China,"Gift of Mr. and Mrs. Fredrick S. Ford, by exchange",http://emuseum.toledomuseum.org/internal/media/dispatcher/48526/preview,http://emuseum.toledomuseum.org/objects/61291/bronze-hu?ctx=9cd7edc3-354f-4851-84e9-a4091f63b53f&idx=50,Toledo Museum of Art,American,1445
8,Cizhou bowl,Late 13th century,Vessel,Earthenware with painted decoration,"Yuan Dynasty?(Chinese, 1271 - 1368)","A Chinese bowl, known as Cizhou ware, whose rounded body is covered with a white slip and decorated on the exterior with wave-like dark brown strokes painted in a wide band around the vessel, the foot rime showing the pale gray stoneware body.",http://emuseum.toledomuseum.org/internal/media/dispatcher/67326/preview,http://emuseum.toledomuseum.org/objects/73808/cizhou-bowl-with-painted-decoration?ctx=9cd7edc3-354f-4851-84e9-a4091f63b53f&idx=52,Toledo Museum of Art,American,1200
9,Plaque,Ming Dynasty (1368-1644),Plaque,null,China,Plaque with interior garden scenes. Made into a table screen.,http://emuseum.toledomuseum.org/internal/media/dispatcher/58468/preview,http://emuseum.toledomuseum.org/objects/67499/plaque?ctx=9cd7edc3-354f-4851-84e9-a4091f63b53f&idx=59,Toledo Museum of Art,American,1644
10,Bead,Tang Dynasty (618-907CE) ?,Jewelry,null,China,Clear glass with cloudy white surface film.,http://emuseum.toledomuseum.org/internal/media/dispatcher/16540/preview,http://emuseum.toledomuseum.org/objects/63930/bead?ctx=5551ab86-b8f2-4a37-aba5-7aa9541b5afa&idx=63,Toledo Museum of Art,American,907
11,Disk,221 (206 BCE - 221 CE),Artifact,null,China,"Disk with center hole, decorated on both sides in bas relief. Obverse: a deerlike animal and two floral sprays.",http://emuseum.toledomuseum.org/internal/media/dispatcher/16554/preview,http://emuseum.toledomuseum.org/objects/63942/disk?ctx=915d6f8b-8854-4bb6-a811-4c47f6e9d21c&idx=79,Toledo Museum of Art,American,221
12,Figures (bronze),221,Sculpture,Bronze,China,figure of a prowling animal.,https://discover-old.durham.ac.uk/primo-explore/img/icon_other.png,http://discover-old.durham.ac.uk/permalink/f/gg7aof/44DUR_ADLIB_DS18416,University's Oriental Museum,England,221
13,Figures (bronze),221,Sculpture,Bronze,China,"bronze bird, probably part of a finial.","https://iiif.durham.ac.uk/iiif/trifle/5a/d9/00/5ad900da8efc8b43831ff5446aef3c56/77ef23705371e6080b79482f52e44dd8.jp2/full/!400,400/0/default.jpg",http://discover-old.durham.ac.uk/permalink/f/gg7aof/44DUR_ADLIB_DS18461,University's Oriental Museum,England,221
14,Vessels (bronze),221,Vessel,Bronze,China,Foot of a vessel in the shape of a bear. Bronze with traces of gilding and inlaid with turquoise.,"https://iiif.durham.ac.uk/iiif/trifle/18/7a/14/187a14f15c8f472e8b60028c3349c43a/3bf794c75f242b5ef89559ba69cacd02.jp2/full/!400,400/0/default.jpg",http://discover-old.durham.ac.uk/permalink/f/gg7aof/44DUR_ADLIB_DS18462,University's Oriental Museum,England,221
15,Figures (bronze),221,Sculpture,Bronze,China,"bronze frog, gilded.","https://iiif.durham.ac.uk/iiif/trifle/91/5a/b4/915ab468e29970521c374adc6f5b39c4/7f9bd3f013e877c3d4bdeb46469213ef.jp2/full/!400,400/0/default.jpg",http://discover-old.durham.ac.uk/permalink/f/gg7aof/44DUR_ADLIB_DS18418,University's Oriental Museum,England,221
16,Figures (bronze),221,Sculpture,Bronze,China,"figure of a kneeling animal, Ordos type.","https://iiif.durham.ac.uk/iiif/trifle/89/aa/ef/89aaef7d6a085239be50178a89321017/8a60cfe96b1d3dbdf59cc651eb8d4496.jp2/full/!400,400/0/default.jpg",http://discover-old.durham.ac.uk/permalink/f/gg7aof/44DUR_ADLIB_DS18415,University's Oriental Museum,England,221
17,Plaque (bronze),221,Plaque,Bronze,China,bronze plaque in the shape of a horned bull's head. Ordos type.,https://discover-old.durham.ac.uk/primo-explore/img/icon_other.png,http://discover-old.durham.ac.uk/permalink/f/gg7aof/44DUR_ADLIB_DS18414,University's Oriental Museum,England,221
18,Figures (bronze),221,Sculpture,Bronze,China,"bronze figure of a standing horse of heavy build, with arched tail. Ordos type.","https://iiif.durham.ac.uk/iiif/trifle/06/b9/25/06b925c07c7ee9a4eafb9aeabbf015fa/3dedbf6c4956e6c4a54a6c975fe9cbbd.jp2/full/!400,400/0/default.jpg",http://discover-old.durham.ac.uk/permalink/f/gg7aof/44DUR_ADLIB_DS18412,University's Oriental Museum,England,221
19,Mirrors (brass),221,Mirror,Brass,China,"Chinese brass mirror, circular with perforated central boss and slightly raised broad rim. In the central design are the animals of the four directions, the sun and moon, encircled by an inscription meaning ""The mirror made in the largest factory is truly of the highest quality. On it is an immortal who never grows old. When thirsty, he drinks from the Jade spring, when hungry, he eats fruit of the Jujube tree. He floats over the seas and roams over the world..the metal or stone. This mirror is to the..a natural treasure indeed."". The central knob would have had a cord looped through it from which it could be held.",https://discover-old.durham.ac.uk/primo-explore/img/icon_other.png,http://discover-old.durham.ac.uk/permalink/f/gg7aof/44DUR_ADLIB_DS22061,University's Oriental Museum,England,221
20,Fitting; handles,Zhou - Eastern Zhou - Warring States; 221,Artifact,Bronze,China,"Bronze fitting in the form of animal masks with compelling, square eyes and enormous horns, the nose turns downwards to form a hook. Had probably holded a ring through the hook and used as handles for furniture.",https://discover-old.durham.ac.uk/primo-explore/img/icon_other.png,http://discover-old.durham.ac.uk/permalink/f/gg7aof/44DUR_ADLIB_DS9559,University's Oriental Museum,England,221
21,Bowls,Proto-Three Kingdoms Period; 221; Silla Dynasty,Vessel,Bronze,China,"Bronze bowl with a flat base and sloping sides, the rim is everted. On the inside of the bowl are two bands of double concentric rings finely engraved, one is near the centre and the other is further out on the flat base. There is some damage, in one place there is a crack which starts at the rim and runs down the side, there is also a seperate hole in the side of the bowl. A sticker is attached which reads 'Korean rice bowl' and an accompanying label states that this piece is from a sale from 'an old tomb in Korea'. The style of the piece means that it could originate in either Korea or China.","https://iiif.durham.ac.uk/iiif/trifle/97/84/40/978440c492e5608395657111cac06447/130040efad73131bb65d21caae8152bc.jp2/full/!400,400/0/default.jpg",http://discover-old.durham.ac.uk/permalink/f/gg7aof/44DUR_ADLIB_DS21947,University's Oriental Museum,England,221
22,Fitting; handles,221,Artifact,Bronze,China,"Pair of bronze fittings in the form of animal masks with compelling eyes, enormous eyebrows and horns; there is an upside-down V shape mark on the forehead of the masks. The noses of the monsters extend and bend downwards to form a hook. There is a small projection at the back of the masks. Hooks on both fittings are broken. They had probably holded a ring through the hook and used as handles for furniture.",https://discover-old.durham.ac.uk/primo-explore/img/icon_other.png,http://discover-old.durham.ac.uk/permalink/f/gg7aof/44DUR_ADLIB_DS9026,University's Oriental Museum,England,221
23,Ornaments,221,Artifact,Bronze,China,"Bronze ornament plaque in roundel form, carved as a figure with horned face, monster body and bifircated tail. The horns are curl, looking like the horns of a sheep. There are scales all over the body of the monster. Below the tail of the monster there is a small animal, probably a gecko or a mouse. Ornament for northern nomadic traibe in Western 221. An identical object excavated in inner Mongolia.",https://discover-old.durham.ac.uk/primo-explore/img/icon_other.png,http://discover-old.durham.ac.uk/permalink/f/gg7aof/44DUR_ADLIB_DS9165,University's Oriental Museum,England,221
24,Iron; ladles,221,Tool,Bronze,China,"Bronze iron in the form of a large ladle with straight handle, terminal of handle shaped as a dragon. The main body of the iron is in the form of a shallow bowl with a relatively flat base and flat wide rims; the bowl is used for storing hot water.",https://discover-old.durham.ac.uk/primo-explore/img/icon_other.png,http://discover-old.durham.ac.uk/permalink/f/gg7aof/44DUR_ADLIB_DS9473,University's Oriental Museum,England,221
25,Figures; Tomb Model,221,Sculpture,Pottery,China,"figure of a dog, with head raised and ears pricked, standing on four legs, its tail curled over its back, wearing a strap harness terminating in a loop on its back, the red pottery covered with traces of an iridescent pale greenish glaze.","https://iiif.durham.ac.uk/iiif/trifle/50/57/3d/50573ded7323ee87783564db6d99d1d5/b8359606897d8ada0bd40876662511a1.jp2/full/!400,400/0/default.jpg",http://discover-old.durham.ac.uk/permalink/f/gg7aof/44DUR_ADLIB_DS19138,University's Oriental Museum,England,221
26,Eye Protector,221,Jewelry,Jade,China,"Two pieces of jade in the shape of human eyes, green with brown markings; decorated with incised lines depicting the eye; used for burial purpose as Eye jade, or part of a jade mask.","https://iiif.durham.ac.uk/iiif/trifle/d6/7f/a9/d67fa9c43d146106d21a3237ed400813/9f43de81bfda11f7390fe02439e74f8e.jp2/full/!400,400/0/default.jpg",http://discover-old.durham.ac.uk/permalink/f/gg7aof/44DUR_ADLIB_DS13132,University's Oriental Museum,England,221
27,Figures; Plaque,221; Tang dynasty,Sculpture,Lead,China,"Lead plaque figure in the shape of a standing woman, probably used for burial purpose.",https://discover-old.durham.ac.uk/primo-explore/img/icon_other.png,http://discover-old.durham.ac.uk/permalink/f/gg7aof/44DUR_ADLIB_DS18393,University's Oriental Museum,England,907
28,Mouth Jade; amulets,221,Jewelry,Nephrite carving with incision,China,"Brownish red nephrite mouth jade in the shape of a cicada, with deep brown markings; incised with thin lines depicting body parts. Used as mouth jade to be placed in the mouth of the deseased.","https://iiif.durham.ac.uk/iiif/trifle/ed/a0/ba/eda0ba96c38c01b6c10c96715cfbe25c/65b97981d4d91cb4ed49f3a395a86d06.jp2/full/!400,400/0/default.jpg",http://discover-old.durham.ac.uk/permalink/f/gg7aof/44DUR_ADLIB_DS8410,University's Oriental Museum,England,221
29,Axle-caps,221,Artifact,Cast bronze,China,Heavy bronze chariot axle-cap with two oblong perforation. No decoration except for a ring around the body.,https://discover-old.durham.ac.uk/primo-explore/img/icon_other.png,http://discover-old.durham.ac.uk/permalink/f/gg7aof/44DUR_ADLIB_DS19390,University's Oriental Museum,England,221
30,Painted earthenware jar,221,Pots,Earthenware,China,"Earthenware, painted cocoon jar, which is oval in shape with a flat base, flared rim with a slight ridge to it. Decorated with white and black slip, and red and brown powder pigment. While the white swirls represent the movement of Qi (cosmic force', the alternating red and black vertical bands are thought to be modelled after the decorative styles of early Chinese lacquer ware.","https://iiif.durham.ac.uk/iiif/trifle/0b/e1/9e/0be19edb7ae62139f937882abbd9e367/9d0a7b599cec06ffea318b03d5cdde18.jp2/full/!400,400/0/default.jpg",http://discover-old.durham.ac.uk/permalink/f/gg7aof/44DUR_ADLIB_DS27560,University's Oriental Museum,England,221
31,Earthenware with green glaze,221,Models; figures,Earthenware,China,"Red earthenware, covered with pale green glaze.","https://iiif.durham.ac.uk/iiif/trifle/17/70/c1/1770c1334359a822896cc2154db2efcc/2ae6eb7d22335b1098b5374b4504340f.jp2/full/!400,400/0/default.jpg",http://discover-old.durham.ac.uk/permalink/f/gg7aof/44DUR_ADLIB_DS8656,University's Oriental Museum,England,221
32,"Olive green steatite, carved",221,Mirrors,Steatite,China,"Hardstone mirror, decorated with carved turtoise pattern surrounded with the Four Godly Animal motif, including the Dragon (Qinglong), Tiger (Baihu), Phoenix (Zhuque), and Turtoise-serpentine (Xuanwu), the edge slightly-raised; there is a perforation in the centre, through the body of the turtoise; probably for ritual or burial use.","https://iiif.durham.ac.uk/iiif/trifle/d9/7a/8e/d97a8ea9cb334b84b6a4702e4bcbf720/dbc9a5caed831e7c348174933c8b14ff.jp2/full/!400,400/0/default.jpg",http://discover-old.durham.ac.uk/permalink/f/gg7aof/44DUR_ADLIB_DS9594,University's Oriental Museum,England,221
33,Green serpentine with brown markings,221,Mirrors,Serpentine,China,"Jade mirror in circular shape; reverse, a pierced shank with carved Taiji pattern; probably for burial use.","https://iiif.durham.ac.uk/iiif/trifle/92/a7/38/92a738dcbd8f363e9a9474a76d369155/741883ce1330b179a8330b0599734540.jp2/full/!400,400/0/default.jpg",http://discover-old.durham.ac.uk/permalink/f/gg7aof/44DUR_ADLIB_DS8827,University's Oriental Museum,England,221
34,"Pale green nephrite carving, figures",221,Pendant,Nephrite,China,"Pale green nephrite pendant/amulet carved in the shape of a cicada with convex eyes and wide mouth, body details such as wings, belly etcs are presented with engraved thin lines, typical 221 style [see Notes]. There is a perforation at the mouth through the head, uncommon. The perforation suggests the object is a pendant/amulet rather than a mouth jade. There are some brown corrosion at the reverse of the pendant.",https://palimpsest.dur.ac.uk/adlib/?action=image&image=oriental%2F1960%2F1960.3419.JPG,http://discover-old.durham.ac.uk/permalink/f/gg7aof/44DUR_ADLIB_DS9114,University's Oriental Museum,England,221
35,Brown nephrite carving,221,Amulets,Nephrite,China,"Brown hardstone carving of a tortoise shell pierced through middle, surface and back decorated with thin lines depicting patterns of the shell. Tortoise shell was used for divination, while this one was probably an amulet made in imitation of the divination type [see Iconography].",https://palimpsest.dur.ac.uk/adlib/?action=image&image=oriental%2F1960%2F1960.3034.JPG,http://discover-old.durham.ac.uk/permalink/f/gg7aof/44DUR_ADLIB_DS8836,University's Oriental Museum,England,221
36,Earthenware covered with green glaze,221,Models; figures,Earthenware,China,"Earthenware, covered with pale green glaze.",https://palimpsest.dur.ac.uk/adlib/?action=image&image=oriental%2F1960%2F1960.3964.jpg,http://discover-old.durham.ac.uk/permalink/f/gg7aof/44DUR_ADLIB_DS8663,University's Oriental Museum,England,221
37,"Pale green jade, slightly translucent",221,Pendant,Jade,China,"Pair of jade pendant in the shape of human figure (Chinese:迶恟笯, pinyin: Yu Wengzhong, simplicitic style; both men with long bear, wear long robes that falls to their feet and rounded hats; There is a hole on top, in the centre of the hat, and two other holes under both sleeves; probably used as a component of a pendant set.","https://iiif.durham.ac.uk/iiif/trifle/52/e2/f5/52e2f5f54c2ac2d5c485917aef354d02/06a287a010b186bf913aeeb0f8995b2a.jp2/full/!400,400/0/default.jpg",http://discover-old.durham.ac.uk/permalink/f/gg7aof/44DUR_ADLIB_DS8408,University's Oriental Museum,England,221
38,Cast bronze with carved patterns,221,Rulers,Bronze,China,"Bronze ruler with carved geometric, diamond patterns. The ruler is about 23.75cm long and the patterns are about 1.2cm long each. There is a drilled hole at one end and three carved triangles at the other end. Back, a piece of fabric attached to the ruler. Not inscribed.","https://iiif.durham.ac.uk/iiif/trifle/4b/26/69/4b2669c9d5938ab177e520ca07ae9ae9/f2aa0904cbd282067b081091d704c651.jp2/full/!400,400/0/default.jpg",http://discover-old.durham.ac.uk/permalink/f/gg7aof/44DUR_ADLIB_DS9596,University's Oriental Museum,England,221
39,Bronze with gilt,221,Fitting,Bronze with gilt,China,"Bronze fitting in the shape of an animal mask with compelling eyes, the nose extends and bends down to form a hook. There is a projection at the back of the mask. There is a perforation on the projection and on the hook. The hook had probably holded a ring which was a handle.",https://discover-old.durham.ac.uk/primo-explore/fulldisplay?docid=44DUR_ADLIB_DS8671&context=L&vid=44DUR_VU4&lang=en_US,http://discover-old.durham.ac.uk/permalink/f/gg7aof/44DUR_ADLIB_DS8671,University's Oriental Museum,England,221
40,"Brown nephrite carving, perforated",221,Pendant,Nephrite,China,"Brown nephrite pendant carved in the shape of paired fish-dragon, inscribed front and back. The pendant is in the form of vertical, paired animal whose head shows features of dragon, while tail shows features of fish. On the head, wide mouth, square nose and triangle eyes, followed by grills. Inscribed both front and back with single character Tong, meaning alike or unity. There is a perforation at the mouth of each fish-dragon.",https://palimpsest.dur.ac.uk/adlib/?action=image&image=oriental%2F1960%2F1960.4054.JPG,http://discover-old.durham.ac.uk/permalink/f/gg7aof/44DUR_ADLIB_DS9574,University's Oriental Museum,England,221
41,Grey nephrite carving,221,Amulets; figures,Nephrite,China,"Dark grey nephrite amulet carved in the shape of an empty tortoise shell, with lines dipicting patterns on the shell both at the surface and at the bottom. Probably made in imitation of a divination tortoise shell [see Iconography].",https://palimpsest.dur.ac.uk/adlib/?action=image&image=oriental%2F1960%2F1960.3033.JPG,http://discover-old.durham.ac.uk/permalink/f/gg7aof/44DUR_ADLIB_DS8835,University's Oriental Museum,England,221
42,Deep olive-brown nephrite carving,221,Pendant,Nephrite,China,"Deep olive-brown nephrite pendant in the shape of paired fish-dragon, carved details of the face, gills and tail of the fish-dragon, inscribed. The pendant is in the form of a pair of parelled animal whose head is in dragon form, while body and tail are in fish form.On the heads, square noses showing feature of dragon; tails, bifircated. One side of the pendant is inscribed with a single character Tong (means lane/unity). Probably an early form of the double fish motif .",https://palimpsest.dur.ac.uk/adlib/?action=image&image=oriental%2F1960%2F1960.4056.JPG,http://discover-old.durham.ac.uk/permalink/f/gg7aof/44DUR_ADLIB_DS9576,University's Oriental Museum,England,221
43,Bronze with incised decoration,221,Belt Hook,Bronze,China,"Bronze belt hook with incised decoration. The hook is in the form of the head of a bird. Front of body, four parallel lines near the neck; centre, two pairs of scrolls opposite each other, in between there are six parallel lines. Reverse, a large round knob inscribed with a character.",https://discover-old.durham.ac.uk/primo-explore/img/icon_other.png,http://discover-old.durham.ac.uk/permalink/f/gg7aof/44DUR_ADLIB_DS8448,University's Oriental Museum,England,221
44,Cast bronze with openwork decoration,221,Censers,Bronze,China,"Bronze censer on three legs and has a long L shaped handle, the cover decorated with openwork scroll patterns. The form and design are typical late Eastern Zhou period to 221 style. See [Association] and [Notes].","https://iiif.durham.ac.uk/iiif/trifle/05/51/ee/0551eef89146d5f3c848fa821006bbe4/96d7caacd640eb4ee4a76e4185fcd3fb.jp2/full/!400,400/0/default.jpg",http://discover-old.durham.ac.uk/permalink/f/gg7aof/44DUR_ADLIB_DS7646,University's Oriental Museum,England,221
45,"Yellowish green nephrite carving, figures",221,Pendant,Nephrite,China,"Yellowish green nephrite carving of a cicada, flat, with thin lines depicting eyes, wings and other body parts; calcified inside. Drilled holes at the mouth, suggesting the object is a pendant not a mouth jade.",https://palimpsest.dur.ac.uk/adlib/?action=image&image=oriental%2F1960%2F1960.3466.JPG,http://discover-old.durham.ac.uk/permalink/f/gg7aof/44DUR_ADLIB_DS9139,University's Oriental Museum,England,221
46,Dark grey hardstone carving,221,Amulets,Hardstone,China,Dark grey hardstone amulet carved into the shape of an empty tortoise shell with thin lines depicting patterns on the shell. Probably made to imitate divination tortoise shell [see Iconography].,https://palimpsest.dur.ac.uk/adlib/?action=image&image=oriental%2F1960%2F1960.3226.JPG,http://discover-old.durham.ac.uk/permalink/f/gg7aof/44DUR_ADLIB_DS8981,University's Oriental Museum,England,221
47,Brown-green nephrite with olive markings,221,Back Protector,Nephrite,China,Large piece of brown-green nephrite with a central perforation and vertical cavity at the back; probably used for burial purpose as a back protector.,"https://iiif.durham.ac.uk/iiif/trifle/14/2d/82/142d8288a7a1f52c6c2f5f156183fa04/8a4d376dd8845b9d6bcf77f9008eb516.jp2/full/!400,400/0/default.jpg",http://discover-old.durham.ac.uk/permalink/f/gg7aof/44DUR_ADLIB_DS8522,University's Oriental Museum,England,221
48,"Reddish brown nephrite carving, Womb Protector",221,Plaque,Nephrite,China,"Piece of brown nephrite carving in a rectangular shape with slightly curved inward and outward rims; back, a boss with incised Tai ji motif; probably for burial purpose.","https://iiif.durham.ac.uk/iiif/trifle/03/37/04/0337041a6808e82a9704cae411b93c9c/a8ba474af4cff34991d190f768933750.jp2/full/!400,400/0/default.jpg",http://discover-old.durham.ac.uk/permalink/f/gg7aof/44DUR_ADLIB_DS8574,University's Oriental Museum,England,221
49,"Yellow jade with carved decoration, Scabbard Slide",221,Scabbards,Jade,China,"Jade scabbard slide in long rectangular shape, a rectangular loop on the underside, and the two ends are turned over sharply; the upper surface, decorated with carved Grain pattern on Straw pattern ground.","https://iiif.durham.ac.uk/iiif/trifle/30/60/aa/3060aaf957f36b337474b2359a950b34/a71c925c80432fc230319110118af366.jp2/full/!400,400/0/default.jpg",http://discover-old.durham.ac.uk/permalink/f/gg7aof/44DUR_ADLIB_DS8339,University's Oriental Museum,England,221
50,"Pale green nephrite carving, Feet Protector",221,Feet Protector,Nephrite,China,"Two pieces of pale green nephrite carving in the shape of a pair of feet, with incised lines depicting toes; used for burial purpose. The object is made as a replica of the human body rather than a stylised protective plate. Bespoke stands made for display stored with objects.","https://iiif.durham.ac.uk/iiif/trifle/55/0a/ce/550ace5f6e91075ac81be9b8f792d8ca/94369616c8a26a03c89a39f157f98df6.jp2/full/!400,400/0/default.jpg",http://discover-old.durham.ac.uk/permalink/f/gg7aof/44DUR_ADLIB_DS8552,University's Oriental Museum,England,221
51,"Nephrite jade with incised decoration, Disc",221,Disc,Nephrite jade,China,Jade disc imitating the shape of the ritual disc Yuan (a special type of Bi with a bigger circular hole). Decorated with single lines on both outer and inner edges. Probably used as pendent.,"https://iiif.durham.ac.uk/iiif/trifle/24/eb/bf/24ebbfc95382656260323881090829b4/8a7fe4d4abcd75f393af9028d5a69fe3.jp2/full/!400,400/0/default.jpg",http://discover-old.durham.ac.uk/permalink/f/gg7aof/44DUR_ADLIB_DS8729,University's Oriental Museum,England,221
52,"Copper alloy with moulded inscription, coins",221,Coins,Copper alloy,China,"Copper alloy coin of Ban liang type, inscribed with 2-character seal.","https://iiif.durham.ac.uk/iiif/trifle/1a/84/12/1a841269aa8e66a684ad58f11b074825/28a88530fbf763caa472c98e21f83434.jp2/full/!400,400/0/default.jpg",http://discover-old.durham.ac.uk/permalink/f/gg7aof/44DUR_ADLIB_DS12253,University's Oriental Museum,England,221
53,"Pale brown hardstone with perforation, figures",221,Pendant,Hardstone,China,"Hardstone pendant in the shape of a man, beared, wearing square hat and long robe that falls to his feet with dropped sleeves; there is a hole goes through the figure from top of the head to bottom of feet.","https://iiif.durham.ac.uk/iiif/trifle/a2/06/f3/a206f327f83525502b64851717d07981/dcda90ef34c4b46e8a0ae5167ed4a2c9.jp2/full/!400,400/0/default.jpg",http://discover-old.durham.ac.uk/permalink/f/gg7aof/44DUR_ADLIB_DS13155,University's Oriental Museum,England,221
54,"Copper alloy with minted inscription, coins",221,Coins,Copper alloy,China,"Copper alloy cash coin in the form of Wu Shu Tongbao, heavily bound edge and a rectangular perforation in the centre. Wu Shu were better cast with finished edges usually leaving no trace of the casting sprew, well developed outer rims on both sides and a inner rim on the reverse, and finer calligraphy of a more modern style.This coin has Wu Shu written in seal character 'Five Shu' in weight on the right and left. Coins of this denomination were first coined in the Yuan Shu year of the Emperor Wu Ti 122c.BCE. The reverse is plain.",https://discover-old.durham.ac.uk/primo-explore/img/icon_other.png,http://discover-old.durham.ac.uk/permalink/f/gg7aof/44DUR_ADLIB_DS14471,University's Oriental Museum,England,221
55,"Yellowish-brown hardstone carving, bells",221,Bells,Hardstone,China,"Yellowish brown hardstone carving of a bell, decorated with engraved patterns of a stylistic Animal Mask motif. The pattern is probably a simplified version of the Animal Mask; the face, horns and body parts of the monster are presented in a form of a line with curled ends, which is an early form of Sleeping Silkworm pattern. Above and below the animal masks, double rings.",https://palimpsest.dur.ac.uk/adlib/?action=image&image=oriental%2F1960%2F1960.2624.JPG,http://discover-old.durham.ac.uk/permalink/f/gg7aof/44DUR_ADLIB_DS13149,University's Oriental Museum,England,221
56,"Earthenware covered with green glaze, jars",221,Jars,Earthenware,China,"Earthen ware jar in the form of a bronze vessel Hu, covered with deep green glaze. There are string patterns under the rim, around the shoulder, and on the belly; stands on flat base.","https://iiif.durham.ac.uk/iiif/trifle/03/27/30/032730dfe00f88673b6e1d96e014a729/b06311e2f7553ad236755569a1c35eb3.jp2/full/!400,400/0/default.jpg",http://discover-old.durham.ac.uk/permalink/f/gg7aof/44DUR_ADLIB_DS18352,University's Oriental Museum,England,221
57,"Cast bronze, Cross-bow Lock",221,Lock,Bronze,China,Gilt-bronze miniature cross-bow lock.,"https://iiif.durham.ac.uk/iiif/trifle/ce/fd/01/cefd0157ffa1a3c4f6589fd1e75c779e/2296f0edae2243d8253a3473fe6ff147.jp2/full/!400,400/0/default.jpg",http://discover-old.durham.ac.uk/permalink/f/gg7aof/44DUR_ADLIB_DS19388,University's Oriental Museum,England,221
58,"Earthenware covered with lead glaze, jars",221,Jars,Earthenware,China,"Stoneware jar, covered with crazed, green lead glaze on ring patterns; the glaze is green and mostly degraded into silvery and golden iridescence; multipul linear rings on the body; three spur marks on the rim; for burial use.","https://iiif.durham.ac.uk/iiif/trifle/8a/8d/b0/8a8db08735e5e92f38eeda65d926416e/071404b75269a7a90adaf0441dac125f.jp2/full/!400,400/0/default.jpg",http://discover-old.durham.ac.uk/permalink/f/gg7aof/44DUR_ADLIB_DS19143,University's Oriental Museum,England,221
59,Belt Hook (Cast bronze),221,Belt Hook,Bronze,China,"Bronze belt hook in the shape of a pair of Chi dragon; onel with its head turning back as the hook, the other curled around at the other end; both Chi dragons have bifurcated tails.","https://iiif.durham.ac.uk/iiif/trifle/0b/d1/db/0bd1db323622c3c511fd957dfe4d2442/b9e0c2e7b03589e0c654d0eb0f099d49.jp2/full/!400,400/0/default.jpg",http://discover-old.durham.ac.uk/permalink/f/gg7aof/44DUR_ADLIB_DS18457,University's Oriental Museum,England,221
60,Tablets (Green nephrite carving with incision),221,Tablets,Nephrite,China,"Large piece of green nephrite carving in octangular shape, the wider side up and carved in the form of ears and horns of a monster; there is incision at the front depicting the face of the monster. Function unknown.","https://iiif.durham.ac.uk/iiif/trifle/5c/57/d7/5c57d70130e8189c4582ca14ccd514dc/6a6f9e2b0c3f8a00aee0225e57e4c5f3.jp2/full/!400,400/0/default.jpg",http://discover-old.durham.ac.uk/permalink/f/gg7aof/44DUR_ADLIB_DS13229,University's Oriental Museum,England,221
61,Masks (Cast bronze),221,Masks,Bronze,China,Bronze animal mask. Used as furnishing door knob (escutcheon) hooked with a ring.,"https://iiif.durham.ac.uk/iiif/trifle/79/c8/09/79c80943a3191ba4c3e1d11ccc6191b9/79678dd00cacbbaa578fc258cb7a635f.jp2/full/!400,400/0/default.jpg",http://discover-old.durham.ac.uk/permalink/f/gg7aof/44DUR_ADLIB_DS19424,University's Oriental Museum,England,221
62,Tomb Model; models; sheepfolds (Pottery with lead glaze),221,Tomb Model; sheepfolds,Pottery with lead glaze,China,Pottery model of four sheep lying in a bowl shaped pen enclosure. Pottery with green lead glaze.,https://palimpsest.dur.ac.uk/adlib/?action=image&image=oriental%2F1992%2F1992.89.jpg,http://discover-old.durham.ac.uk/permalink/f/gg7aof/44DUR_ADLIB_DS18509,University's Oriental Museum,England,221
63,Tomb Model (Pottery with green lead glaze),221,Tomb Model,Pottery with green lead glaze,China,"Earthenware tomb model of a pigfold, covered with green lead glaze.","https://iiif.durham.ac.uk/iiif/trifle/7c/12/80/7c12804742e8273edcb69436740f66d9/0236ce5a66ba0f6780cd29ce6a49458f.jp2/full/!400,400/0/default.jpg",http://discover-old.durham.ac.uk/permalink/f/gg7aof/44DUR_ADLIB_DS18508,University's Oriental Museum,England,221
64,Ewers (Earthenware covered in lead glaze),221,Ewers,Earthenware,China,"Earthenware ewer, covered with pale green lead glaze. Short and straight neck, handle, and very short spout; standing on unglazed ring foot. Around the shoulder and the belly, string pattern.","https://iiif.durham.ac.uk/iiif/trifle/17/b2/d5/17b2d51bf8b8c97dc6bb548251287c60/5238af73fc6c6e5f7e4b53f0950b1a36.jp2/full/!400,400/0/default.jpg",http://discover-old.durham.ac.uk/permalink/f/gg7aof/44DUR_ADLIB_DS19409,University's Oriental Museum,England,221
65,Belt Hook (Cast bronze with red patina),221,Belt Hook,Bronze,China,"Bronze belt hook in the shape of a bird, with the head turning back as the hook; the bird is probably a swan judging by the crest and the elegant curve of the neck.","https://iiif.durham.ac.uk/iiif/trifle/98/1c/80/981c8065944d3f5eac970fb84e12892e/05e17a27e1fd33a6e24bc7f86516d442.jp2/full/!400,400/0/default.jpg",http://discover-old.durham.ac.uk/permalink/f/gg7aof/44DUR_ADLIB_DS18456,University's Oriental Museum,England,221
66,Rubbings (Ink on paper),221,Rubbings,Ink on paper,China,"Rubbing of a brick relief in rectangular form, depicting two persons carrying a string of coins. The coins are made to a large scale, and the two figures are standing at and pulling each end of the string. Under the pictorial section there is a panel with inscription laid sideways, stating the production date. The whole image is enclosed with a border filled with cross pattern. At the left foot, outside the rubbing image, there is a seal mark of the Shandong provincial library.",https://palimpsest.dur.ac.uk/adlib/?action=image&image=oriental%2FU%2FU10335.3.jpg,http://discover-old.durham.ac.uk/permalink/f/gg7aof/44DUR_ADLIB_DS25663,University's Oriental Museum,England,221
67,Belt Hook (Cast bronze with engraved decoration),221; Feudal Society,Belt Hook,Bronze,China,"Bronze belt hook, decorated with engraved pattern around one end; the hook is probably a simplified version of the head of a bird.","https://iiif.durham.ac.uk/iiif/trifle/5d/95/76/5d9576816937bafc12f294dd025119a2/db91b704d935c747d4e781f43b37a51d.jp2/full/!400,400/0/default.jpg",http://discover-old.durham.ac.uk/permalink/f/gg7aof/44DUR_ADLIB_DS18451,University's Oriental Museum,England,221
68,Belt Hook (Cast bronze),221; Feudal Society,Belt Hook,Bronze,China,"Bronze belt hook in the shape of a bird mounted on a round boss, with the head turning back as the hook; the boss is decorated with carved patterns of star design.","https://iiif.durham.ac.uk/iiif/trifle/84/bb/df/84bbdf3f7680854bbac6dbcd4118e987/87e7eeb71c14177fc082330266902d72.jp2/full/!400,400/0/default.jpg",http://discover-old.durham.ac.uk/permalink/f/gg7aof/44DUR_ADLIB_DS18443,University's Oriental Museum,England,221
69,Finials (Bronze with relief decoration),language-related concepts 每 Chinese 每 Zhou 每 Eastern Zhou 每 Warring States; 221,Finials,Bronze with relief decoration,China,"Bronze finial decorated with entwinning scrolls in relief, Warring States period style.",https://palimpsest.dur.ac.uk/adlib/?action=image&image=oriental%2F1960%2FDUROM.1960.4030-ff.jpg,http://discover-old.durham.ac.uk/permalink/f/gg7aof/44DUR_ADLIB_DS9556,University's Oriental Museum,England,221
70,Tubes (Yellow nephrite carving),language-related concepts 每 Chinese 每 Zhou 每 Eastern Zhou 每 Warring States; 221,Tubes,Nephrite,China,"Yellow nephrite tube, thick and bulky body with central perforation, carved on the outside with the Sleeping Silkworm pattern and Chi dragon pattern. Centre of the tube, 8 rows of Sleeping Silk Worm pattern showing features of early stage of development, presented as lines with two curled ends. The 8 rows are seperated in 2 set, four in a set, and the 2 sets are oppossite to each other. On the two ends of the tube, Chi dragons in repeating form, one biting the tail of the other. Near the edge of the tube on both ends, another row of Sleeping Silk Worm pattern on each end. 1 set of the 2 of the Sleeping Silk Worm pattern is only roughly cut, suggesting that the work is unfinished.","https://iiif.durham.ac.uk/iiif/trifle/f5/60/c7/f560c7c2b44c049c06131ec045e9d937/1af438018c262a5f85fe1b56c72f86e9.jp2/full/!400,400/0/default.jpg",http://discover-old.durham.ac.uk/permalink/f/gg7aof/44DUR_ADLIB_DS8902,University's Oriental Museum,England,221
71,Ornaments (Cast Bronze),language-related concepts 每 Chinese 每 Zhou 每 Eastern Zhou 每 Warring States; 221; late Zhou Dynasty,Ornaments,Bronze,China,"Bronze ornament for a handle of door or other furnishing (not neccessarily for coffin), shaped as a panel carved into an animal mask with loop nose which the ring handle would go through. The animal mask has compelling, convex eyes; its horns, ears and forehead are decorated with stylistic scrolls.","https://iiif.durham.ac.uk/iiif/trifle/12/04/90/1204908d70be4724dd77897f3fd23a7d/16c382c29090c2caa631617405391147.jp2/full/!400,400/0/default.jpg",http://discover-old.durham.ac.uk/permalink/f/gg7aof/44DUR_ADLIB_DS18388,University's Oriental Museum,England,221
72,Mirrors (Cast bronze with decorations in low-relief),221,Mirrors,Bronze,China,"Small-scale bronze mirror with low-relief decorations; centre, a knob surrounded by a ring; main decorative segment, alternating circles and animals, possibly birds; outer segments, a band of parelled lines and a band of triangles.","https://iiif.durham.ac.uk/iiif/trifle/c0/96/49/c09649b5fb7b53aac345a543d0093a9d/3bc42bb1fa0fb4858336e2a813d7d2c0.jp2/full/!400,400/0/default.jpg",http://discover-old.durham.ac.uk/permalink/f/gg7aof/44DUR_ADLIB_DS7730,University's Oriental Museum,England,221
73,Pendant; figures (Pale green and brown nephrite carving),221,Pendant; figures,Nephrite,China,"Pale green and brown nephrite pendant/amulet carved in the shape of a cicada, bulky, sculpted body and convex eyes, body decorated with engraved lines depicting mouth, wings, belly etc. There is a perforation at the mouth, suggesting the object is a pendant/amulet rather than a mouth jade [see Notes].",https://palimpsest.dur.ac.uk/adlib/?action=image&image=oriental%2F1960%2F1960.2896.JPG,http://discover-old.durham.ac.uk/permalink/f/gg7aof/44DUR_ADLIB_DS13190,University's Oriental Museum,England,221
74,Disc (Dark green nephrite with carved decoration),221,Disc,Nephrite,China,"Dark green nephrite disc in the shape of Bi, decorated with incised Cloud pattern/Wocan pattern (Sleeping Silk Worm pattern) on carved hexagonal pattern background on both sides.","https://iiif.durham.ac.uk/iiif/trifle/34/1b/f9/341bf9069f4b271d6784506e99219d27/e408987528bdb8daf36c7df260d83abd.jp2/full/!400,400/0/default.jpg",http://discover-old.durham.ac.uk/permalink/f/gg7aof/44DUR_ADLIB_DS9560,University's Oriental Museum,England,221
75,Amulets; Mouth Jade (Buff white and grey nephrite carving),221,Amulets; Mouth Jade,Nephrite (buff white and grey),China,"Buff white and grey nephrite carving of a cicada, simplistic style wiht straight lines and three notches depiecting the body and the eyes. Mouth jade in cicada form made in the 221 (see [Notes]).",https://palimpsest.dur.ac.uk/adlib/?action=image&image=oriental%2F1960%2F1960.1445.JPG,http://discover-old.durham.ac.uk/permalink/f/gg7aof/44DUR_ADLIB_DS7935,University's Oriental Museum,England,221
76,Hairpins (Copper alloy with carved jade terminal),221,Hairpins,Copper alloy with carved jade terminal,China,hair pin or shroud pin with a copper alloy shank and a flat jade bird terminal.,"https://iiif.durham.ac.uk/iiif/trifle/8b/dd/44/8bdd44ef150999472f01fa26dbafe6c9/f93cbdb44415bee264277de3ee15c6b6.jp2/full/!400,400/0/default.jpg",http://discover-old.durham.ac.uk/permalink/f/gg7aof/44DUR_ADLIB_DS9085,University's Oriental Museum,England,221
77,Pendant; amulets (Dark grey and pale grey nephrite carving),221,Pendant; amulets,Nephrite,China,"Grey nephrite pendant/amulet carved in the shape of a cicada, with carved thin lines depicting body parts, including wings, eyes etc. The area around eyes and mouth is pale grey while the other parts of the body is dark grey. There is a drilled hole at the mouth of the cicada, suggesting that the object is not used as a mouth jade but a pendant or amulet.",https://palimpsest.dur.ac.uk/adlib/?action=image&image=oriental%2F1960%2F1960.2011.JPG,http://discover-old.durham.ac.uk/permalink/f/gg7aof/44DUR_ADLIB_DS8255,University's Oriental Museum,England,221
78,"Pommels (Green jade with brown markings, carved)",221,Pommels,Jade,China,"Green jade sword pommel with brown markings; convex centre decorated with incised Whorl Circle pattern; back, circular notch around the centre.","https://iiif.durham.ac.uk/iiif/trifle/8a/64/2c/8a642cb845fa86420c45473e08622afa/5cd6e1661182462d3bc62540ddf27c64.jp2/full/!400,400/0/default.jpg",http://discover-old.durham.ac.uk/permalink/f/gg7aof/44DUR_ADLIB_DS9272,University's Oriental Museum,England,221
79,Figures (Buff white nephrite carving with grey markings),221,Figures,Nephrite,China,"Buff white nephrite amulet carved in the shape of an empty tortoise shell with deep grey markings, with straight lines at the bottom depicting pattern of the tortoise shell. Undecorated at the surface of the top. Probably made in imitation of a divination tortoise shell [see Iconography].",https://palimpsest.dur.ac.uk/adlib/?action=image&image=oriental%2F1960%2F1960.3035.JPG,http://discover-old.durham.ac.uk/permalink/f/gg7aof/44DUR_ADLIB_DS8837,University's Oriental Museum,England,221
80,"Scabbard Chape (Buff jade with brown markings, incised)",221,Scabbard Chape,Jade,China,"Jade scabbard chape, approximately trapezoidal in shape with two slightly curved sides, decorated with carved geometric cloud patterns enclosed with linear borders on both sides; there are three holes on the narrow end, to be mount for the bottom of sword scabbard.","https://iiif.durham.ac.uk/iiif/trifle/8c/51/39/8c5139a9db6bd8b5287daeadfbe9c7b3/853901ff3cacdeb69f0160782e234844.jp2/full/!400,400/0/default.jpg",http://discover-old.durham.ac.uk/permalink/f/gg7aof/44DUR_ADLIB_DS9567,University's Oriental Museum,England,221
81,Amulets (Buff white and brown nephrite carving),221,Amulets,Nephrite,China,"Buff white and brown hardstone amulet carved in the shape of an empty tortoise shell, with lines depiecting patterns on the shell. Probably made in imitation of a divination tortoise shell [see Iconography].",https://palimpsest.dur.ac.uk/adlib/?action=image&image=oriental%2F1960%2F1960.3227.JPG,http://discover-old.durham.ac.uk/permalink/f/gg7aof/44DUR_ADLIB_DS8982,University's Oriental Museum,England,221
82,Knee Protector (Grey nephrite carving with marbled markings),221,Knee Protector,Nephrite,China,"Two pieces of grey nephrite carving in the shape of a pair of knee protector, with recessed parts and incised lines to imiate the shape of the knee; used for burial purpose as knee protectors.","https://iiif.durham.ac.uk/iiif/trifle/cb/e8/16/cbe8161006b7b898cb21f55cf3c74f6f/a5d309d0a5230d40bbef401e9b0a96ed.jp2/full/!400,400/0/default.jpg",http://discover-old.durham.ac.uk/permalink/f/gg7aof/44DUR_ADLIB_DS8555,University's Oriental Museum,England,221
83,Plaque; Panel (Buff green nephrite with buff marking),221,Plaque; Panel,Nephrite,China,"Flat buff green nephrite plaque in the fomr of a Gui, which is a ceremonial jade, carved in relief on both sides with the Sleeping Silkworm pattern.","https://iiif.durham.ac.uk/iiif/trifle/1a/9e/d6/1a9ed6e8438b3f5f62b360919cba3856/44e497218be599e3bc862d5bada15f11.jp2/full/!400,400/0/default.jpg",http://discover-old.durham.ac.uk/permalink/f/gg7aof/44DUR_ADLIB_DS9612,University's Oriental Museum,England,221
84,Hand Protector (Brown and yellow nephrite with carving),221,Hand Protector,Nephrite,China,"Pair of brown nephrite carving in the shape of a pair of hands, with incised lines depicting palm prints and nails; probably used for burial purpose. The object is made as a replica of the human body rather than a stylised protective plate.","https://iiif.durham.ac.uk/iiif/trifle/58/5d/ee/585dee9060dfa89b30e6952484291123/c0ccc6e3e623b52523cc43f47dc30f0c.jp2/full/!400,400/0/default.jpg",http://discover-old.durham.ac.uk/permalink/f/gg7aof/44DUR_ADLIB_DS8553,University's Oriental Museum,England,221
85,"Mouth Protector (Brown hardstone with olive markings, carved)",221,Mouth Protector,Hardstone,China,Piece of jade in the shape of mouth and mustache of a man; carved with striation and depiction of mouth; used for burial purpose as part of a jade mask.,"https://iiif.durham.ac.uk/iiif/trifle/50/e3/1c/50e31c2af167c615e0467a774935d1c5/2fffa5f7ea3533b5975be2a5ca66e0b0.jp2/full/!400,400/0/default.jpg",http://discover-old.durham.ac.uk/permalink/f/gg7aof/44DUR_ADLIB_DS8559,University's Oriental Museum,England,221
86,Ear Protector (Brown-green nephrite carving with low relief decoration),221,Ear Protector,Nephrite,China,"Brown-green nephrite carving in oval shape, one side carved in low relief with a Chi dragon design, the other side a tube shape projection; used as an ear plug for burial purpose.","https://iiif.durham.ac.uk/iiif/trifle/25/19/82/2519825547699f9c1375ac8a08ced4ea/e4fc089694c2abbbe973aea311143749.jp2/full/!400,400/0/default.jpg",http://discover-old.durham.ac.uk/permalink/f/gg7aof/44DUR_ADLIB_DS13128,University's Oriental Museum,England,221
87,Mouth Jade; figures (Highly calcified pale green nephrite carving),221,Mouth Jade; figures,Nephrite,China,"Highly calcified pale green nephrite mouth jade carved in the shape of a cicada in simplistic style, only the shape of the body, eyes and wings are outlined. The body bears almost no decoration except for a straight line across the head. Mouth pointed. Typical 221 style (see [Notes]).",https://palimpsest.dur.ac.uk/adlib/?action=image&image=oriental%2F1960%2F1960.3896.JPG,http://discover-old.durham.ac.uk/permalink/f/gg7aof/44DUR_ADLIB_DS9433,University's Oriental Museum,England,221
88,"Eye Protector (Green jade with brown markings, carved)",221,Eye Protector,Jade,China,"Two pieces of jade in the shape of human eyes, green with brown markings; decorated with incised lines depicting the eye; used for burial purpose as eye protector, or part of a jade mask.","https://iiif.durham.ac.uk/iiif/trifle/37/5c/b1/375cb1cbec5e91401d758f02c9dd4964/6a4388362f1c31ec74565562fc42afb3.jp2/full/!400,400/0/default.jpg",http://discover-old.durham.ac.uk/permalink/f/gg7aof/44DUR_ADLIB_DS13133,University's Oriental Museum,England,221
89,Eye Protector (Pale green nephrite carving with incision),221,Eye Protector,Nephrite,China,"Pair of pale green nephrite carving of Eye Jade, incised with thin lines depicting the pupil; overall oval shape with one pointed end.","https://iiif.durham.ac.uk/iiif/trifle/59/e6/8b/59e68b0681400a23386a10316d5ed748/dfee9e86ff17bf81ec0ff1ff106e04fe.jp2/full/!400,400/0/default.jpg",http://discover-old.durham.ac.uk/permalink/f/gg7aof/44DUR_ADLIB_DS13131,University's Oriental Museum,England,221
90,Incense burners (Earthenware covered with pale green lead glaze),221,Incense burners,Earthenware with pale green lead glaze,China,"Earthenware incense burner in the form of bronze tripod Ding without handle, covered with pale green lead glaze.","https://iiif.durham.ac.uk/iiif/trifle/81/ea/72/81ea72eb1119825f6462ea6827f53a89/5784f898595f1c378dfdd8a51685962d.jp2/full/!400,400/0/default.jpg",http://discover-old.durham.ac.uk/permalink/f/gg7aof/44DUR_ADLIB_DS18355,University's Oriental Museum,England,221
91,Mirrors (Cast bronze with decorations in low-relief),221,Mirrors,Bronze,China,"Bronze mirror with decorations in low-relief; centre, a knob surrounded by a band of dots and a wide ring; main decorative segment, alternating scroll patterns, possibly a simplified version of Chi dragon design, enclosed by double rings.","https://iiif.durham.ac.uk/iiif/trifle/ed/61/05/ed610563de66c89181f1ff6da6f2de03/e51b9873b1fe954075941fb30604e0a8.jp2/full/!400,400/0/default.jpg",http://discover-old.durham.ac.uk/permalink/f/gg7aof/44DUR_ADLIB_DS18237,University's Oriental Museum,England,221
92,"Belt Hook (Cast bronze, partly covered with red patina)",221; Feudal Society,Belt Hook,Bronze,China,Partly covered with red patina.,"https://iiif.durham.ac.uk/iiif/trifle/fc/61/88/fc6188fbb42535f8e2e008c81dec956c/c794b458dfdcdbfbeb2eb6a731fca6b8.jp2/full/!400,400/0/default.jpg",http://discover-old.durham.ac.uk/permalink/f/gg7aof/44DUR_ADLIB_DS18458,University's Oriental Museum,England,221
93,Figures; Tomb Figure (Pottery with traces of white pigment),221,Figures; Tomb Figure,Pottery with traces of white pigment,China,"Horse's head with prominently modelled eyes and nostrils, the bridle harness indicated on head with white painted lines. Two holes in top of head probably once held ornamental plumes of circular wooden sticks.","https://iiif.durham.ac.uk/iiif/trifle/e4/1e/b7/e41eb7e5bcd1c9c777906a94a5af3d4b/5afa85daf30307e3fa3ff10bb1d4f49d.jp2/full/!400,400/0/default.jpg",http://discover-old.durham.ac.uk/permalink/f/gg7aof/44DUR_ADLIB_DS19097,University's Oriental Museum,England,221
94,Mouth Jade; figures (Pale green nephrite carving with red pigment),221,Mouth Jade; figures,Nephrite,China,"Pale green nephrite mouth jade in the shape of a cicada. Typical 221 simplistic style (see [Notes]) in which the outline of the cicada is presented in simple lines, while body parts such as eyes, mouth and wings are presented in straight lines., There are three 'V' shape lines above the wings. Reverse, there is a 3-character mark hand written in red pigment, meaning the number '66'.",https://palimpsest.dur.ac.uk/adlib/?action=image&image=oriental%2F1960%2F1960.4210.JPG,http://discover-old.durham.ac.uk/permalink/f/gg7aof/44DUR_ADLIB_DS13378,University's Oriental Museum,England,221
95,Belt Hook (Cast bronze with open work decoration),221; Feudal Society,Belt Hook,Bronze,China,"Bronze belt hook in the shape of a bird, with the head of the bird turning back as the hook; the bird is probably a swan juding by the crest and the elegant curve of the neck.","https://iiif.durham.ac.uk/iiif/trifle/1b/fa/25/1bfa255aef21077c4744707256d2e9fc/67ce32489c73a185e1581936e843a3eb.jp2/full/!400,400/0/default.jpg",http://discover-old.durham.ac.uk/permalink/f/gg7aof/44DUR_ADLIB_DS18459,University's Oriental Museum,England,221
96,"Disc (Bluish green jade with buff shadow, incised and carved)",221,Disc,Jade,China,"Jade disc in the shape of Bi, decorated with incised Cloud pattern/Wocan pattern (Sleeping Silk Worm pattern) on a carved Straw pattern backgournd.","https://iiif.durham.ac.uk/iiif/trifle/41/c2/5c/41c25cf8894780a95331d15e2f50818e/d4f7b47e80c29b8a570964d5c19347f5.jp2/full/!400,400/0/default.jpg",http://discover-old.durham.ac.uk/permalink/f/gg7aof/44DUR_ADLIB_DS18480,University's Oriental Museum,England,221
97,Pendant; ornaments (Pale green hardstone carving with buff brown calcification),221,Disc,Jade,China,"Pale green hardstone pendant with buff brown calcification, flat, oblong with rounded base, decorated with carved paired Chi dragon on the two sides, while front and back engraved with simplified Kui dragon or Sleeping Silk Worm pattern. There is a perforation near the head. The shape of the pendant ressembles the shape of a sword chape.",https://palimpsest.dur.ac.uk/adlib/?action=image&image=oriental%2F1960%2F1960.4060.JPG,http://discover-old.durham.ac.uk/permalink/f/gg7aof/44DUR_ADLIB_DS22120,University's Oriental Museum,England,221
98,Les Pendus (Escape from Argyle Castle),1826,Painting,Oil on canvas,Artist unknown,None,https://cantorcollection.stanford.edu/Media/images/1960/1960.117_CDP-1-web.jpg,https://cantorcollection.stanford.edu/objects-1/info?query=mfs%20all%20%22china%22&sort=0&page=304,Gerald?Cantor?Center for Visual Arts at?Stanford?University,American,1826
99,Triple Gourd Vase,18th century,Vase,Porcelain,Artist unknown,None,https://cantorcollection.stanford.edu/Media/images/1961/1961.4.A-B_CDP-2-web.jpg,https://cantorcollection.stanford.edu/objects-1/info?query=mfs%20all%20%22china%22&sort=0&page=303,Gerald?Cantor?Center for Visual Arts at?Stanford?University,American,1799
100,"Planter, of Planter (Ice Box) and Stand","Asia, China","Planter, Stand","Wood, metal, and ceramic",Artist unknown,None,https://cantorcollection.stanford.edu/Media/images/1961/1961.2_CDP-1-web.jpg,https://cantorcollection.stanford.edu/objects-1/info?query=mfs%20all%20%22china%22&sort=0&page=302,Gerald?Cantor?Center for Visual Arts at?Stanford?University,American,1800
101,Vase,1723-1735,Vase,Porcelain,Artist unknown,None,https://cantorcollection.stanford.edu/Media/images/1979/1979.65.56_CDP-1-web.jpg,https://cantorcollection.stanford.edu/objects-1/info?query=mfs%20all%20%22china%22&sort=0&page=301,Gerald?Cantor?Center for Visual Arts at?Stanford?University,American,1723
102,Snuff Bottle,19th century-20th century,Snuff Bottle,Glass,Artist unknown,None,https://cantorcollection.stanford.edu/Media/images/1979/1979.65.55_CDP-1-web.jpg,https://cantorcollection.stanford.edu/objects-1/info?query=mfs%20all%20%22china%22&sort=0&page=300,Gerald?Cantor?Center for Visual Arts at?Stanford?University,American,1900
103,Snuff Bottle,19th century-20th century,Snuff Bottle,Glass,Artist unknown,None,https://cantorcollection.stanford.edu/Media/images/1960/1960.31_CDP-1-web.jpg,https://cantorcollection.stanford.edu/objects-1/info?query=mfs%20all%20%22china%22&sort=0&page=305,Gerald?Cantor?Center for Visual Arts at?Stanford?University,American,1900
104,Buddhist Triad,8th century-9th century,Sculpture,Stone,Louis Boulanger,None,https://cantorcollection.stanford.edu/Media/images/2003/2003.10_CDP-web.jpg,https://cantorcollection.stanford.edu/objects-1/info?query=mfs%20all%20%22china%22&sort=0&page=310,Gerald?Cantor?Center for Visual Arts at?Stanford?University,American,800
105,Attacking Tiger (Attaque du Tigre),19th century,Painting,Oil on canvas,John Gutmann,None,https://cantorcollection.stanford.edu/Media/images/1999/1999.97_CDP-web.jpg,https://cantorcollection.stanford.edu/objects-1/info?query=mfs%20all%20%22china%22&sort=0&page=314,Gerald?Cantor?Center for Visual Arts at?Stanford?University,American,1900
106,"Fortune Teller and his Chart with Body Markings, Kunming, China",1944,Photograph,Gelatin silver print,John Gutmann,None,https://cantorcollection.stanford.edu/Media/images/1999/1999.104_CDP-web.jpg,https://cantorcollection.stanford.edu/objects-1/info?query=mfs%20all%20%22china%22&sort=0&page=320,Gerald?Cantor?Center for Visual Arts at?Stanford?University,American,1944
107,A Buddhist Monk Stands before Two Giant Guardian Gods in the Entrance Hall...,1945,Photograph,Gelatin silver print,John Gutmann,None,https://cantorcollection.stanford.edu/Media/images/1999/1999.103_CDP-web.jpg,https://cantorcollection.stanford.edu/objects-1/info?query=mfs%20all%20%22china%22&sort=0&page=313,Gerald?Cantor?Center for Visual Arts at?Stanford?University,American,1945
108,"The Widow, Mountain Woman of the Miao Tribe in Her Customary White Gown M...",1944,Photograph,Gelatin silver print,John Gutmann,None,https://cantorcollection.stanford.edu/Media/images/1999/1999.100_CDP-web.jpg,https://cantorcollection.stanford.edu/objects-1/info?query=mfs%20all%20%22china%22&sort=0&page=312,Gerald?Cantor?Center for Visual Arts at?Stanford?University,American,1944
109,"Miao Mountain People Mourning in Funeral Procession, Kweichow Province, C...",1944,Photograph,Gelatin silver print,John Gutmann,None,https://cantorcollection.stanford.edu/Media/images/1999/1999.98_CDP-web.jpg,https://cantorcollection.stanford.edu/objects-1/info?query=mfs%20all%20%22china%22&sort=0&page=315,Gerald?Cantor?Center for Visual Arts at?Stanford?University,American,1944
110,"Hunan Peasant in His Rain Hat Leveling Irrigated Rice Field, China",1944,Photograph,Gelatin silver print,John Gutmann,None,https://cantorcollection.stanford.edu/Media/images/1999/1999.102_CDP-web.jpg,https://cantorcollection.stanford.edu/objects-1/info?query=mfs%20all%20%22china%22&sort=0&page=317,Gerald?Cantor?Center for Visual Arts at?Stanford?University,American,1944
111,"The Weekly County Market at Cheng-Kiang, Yunnan Province, China",1944,Photograph,Gelatin silver print,John Gutmann,None,https://cantorcollection.stanford.edu/Media/images/1999/1999.96_CDP-web.jpg,https://cantorcollection.stanford.edu/objects-1/info?query=mfs%20all%20%22china%22&sort=0&page=318,Gerald?Cantor?Center for Visual Arts at?Stanford?University,American,1944
112,"Dragon and Guardian Frighten Evil Spirits Away from Hsi-Shan Temple, Yunna...",1944,Photograph,Gelatin silver print,John Gutmann,None,https://cantorcollection.stanford.edu/Media/images/1999/1999.101_CDP-web.jpg,https://cantorcollection.stanford.edu/objects-1/info?query=mfs%20all%20%22china%22&sort=0&page=316,Gerald?Cantor?Center for Visual Arts at?Stanford?University,American,1944
113,"Peasant with Water Buffalo Plowing Irrigated Rice Paddy, Hunan Province, C...",1944,Photograph,Gelatin silver print,John Gutmann,None,https://cantorcollection.stanford.edu/Media/images/1999/1999.106_CDP-web.jpg,https://cantorcollection.stanford.edu/objects-1/info?query=mfs%20all%20%22china%22&sort=0&page=321,Gerald?Cantor?Center for Visual Arts at?Stanford?University,American,1944
114,After Resting at the Picnic Place Pilgrims Climb Up to the Three Temples o...,1945,Photograph,Gelatin silver print,John Gutmann,None,https://cantorcollection.stanford.edu/Media/images/1999/1999.107_CDP-web.jpg,https://cantorcollection.stanford.edu/objects-1/info?query=mfs%20all%20%22china%22&sort=0&page=322,Gerald?Cantor?Center for Visual Arts at?Stanford?University,American,1945
115,"An Exhausted Crippled Beggar Asleep at the Roadside to a Temple, Yunnan, ...",1945,Photograph,Gelatin silver print,Artist unknown,None,https://cantorcollection.stanford.edu/Media/images/1961/1961.36_CDP-1-web.jpg,https://cantorcollection.stanford.edu/objects-1/info?query=mfs%20all%20%22china%22&sort=0&page=325,Gerald?Cantor?Center for Visual Arts at?Stanford?University,American,1945
116,Disc (bi),11th century BCE-3rd century BCE,Disc,Jade,Artist unknown,None,https://cantorcollection.stanford.edu/Media/images/1989/1989.34_CDP-1-web.jpg,https://cantorcollection.stanford.edu/objects-1/info?query=mfs%20all%20%22china%22&sort=0&page=324,Gerald?Cantor?Center for Visual Arts at?Stanford?University,American,-1099
117,Fish bowl or jardiniere,19th century,Fish bowl or jardiniere,Porcelain,Artist unknown,None,https://cantorcollection.stanford.edu/Media/images/1997/1997.98_JD-web.jpg,https://cantorcollection.stanford.edu/objects-1/info?query=mfs%20all%20%22china%22&sort=0&page=323,Gerald?Cantor?Center for Visual Arts at?Stanford?University,American,1400
118,Uncut Fabric for Dragon Robe,20th century,Uncut Fabric,Silk,Artist unknown,None,https://cantorcollection.stanford.edu/Media/images/2005/2005.105_CDP-1-web.jpg,https://cantorcollection.stanford.edu/objects-1/info?query=mfs%20all%20%22china%22&sort=0&page=327,Gerald?Cantor?Center for Visual Arts at?Stanford?University,American,1700
120,Ancestor Portrait in the Song Dynasty Style,15th century,Painting,Ink and color on silk,Artist unknown,None,https://cantorcollection.stanford.edu/Media/images/2004/2004.47_CDP-web.jpg,https://cantorcollection.stanford.edu/objects-1/info?query=mfs%20all%20%22china%22&sort=0&page=330,Gerald?Cantor?Center for Visual Arts at?Stanford?University,American,1800
121,The Fish Mongers,c. 1930,Painting,Oil on canvas,Yick Chuen Cheung,None,https://cantorcollection.stanford.edu/Media/images/1984/1984.156_CDP-web.jpg,https://cantorcollection.stanford.edu/objects-1/info?query=mfs%20all%20%22china%22&sort=0&page=328,Gerald?Cantor?Center for Visual Arts at?Stanford?University,American,1900
122,The Yang Family Women Practicing Martial Arts,c. 1900,Photograph,Gelatin silver print,Artist unknown,None,https://cantorcollection.stanford.edu/Media/images/2004/2004.46_CDP-6-web.jpg,https://cantorcollection.stanford.edu/objects-1/info?query=mfs%20all%20%22china%22&sort=0&page=329,Gerald?Cantor?Center for Visual Arts at?Stanford?University,American,1848
123,Seated Lohan or Monk,17th century,Sculpture,Wood,Artist unknown,None,https://cantorcollection.stanford.edu/Media/images/1957/1957.18_CDP-1-web.jpg,https://cantorcollection.stanford.edu/objects-1/info?query=mfs%20all%20%22china%22&sort=0&page=326,Gerald?Cantor?Center for Visual Arts at?Stanford?University,American,1900
124,Calligraphy in Running Script (xing shu),18th century,Calligraphy,Ink on paper,Liu Yong,None,https://cantorcollection.stanford.edu/Media/images/1989/1989.143_CDP-web.jpg,https://cantorcollection.stanford.edu/objects-1/info?query=mfs%20all%20%22china%22&sort=0&page=335,Gerald?Cantor?Center for Visual Arts at?Stanford?University,American,1930
125,Maiden in a Garden,1908,Painting,Oil on canvas,Ban Yasheng (Zhenyong),None,https://cantorcollection.stanford.edu/Media/images/1989/1989.139_CDP-web.jpg,https://cantorcollection.stanford.edu/objects-1/info?query=mfs%20all%20%22china%22&sort=0&page=339,Gerald?Cantor?Center for Visual Arts at?Stanford?University,American,1908
126,Calligraphy in Seal Script (zhuan shu),19th century,Calligraphy,Ink on paper,Wu Zhangzhi,None,https://cantorcollection.stanford.edu/Media/images/1989/1989.148.1_CDP-web.jpg,https://cantorcollection.stanford.edu/objects-1/info?query=mfs%20all%20%22china%22&sort=0&page=338,Gerald?Cantor?Center for Visual Arts at?Stanford?University,American,2000
127,Calligraphy in Running Script (xing shu),18th century,Calligraphy,Ink on paper,Zheng Banqiao,None,https://cantorcollection.stanford.edu/Media/images/1989/1989.150.1_CDP-web.jpg,https://cantorcollection.stanford.edu/objects-1/info?query=mfs%20all%20%22china%22&sort=0&page=341,Gerald?Cantor?Center for Visual Arts at?Stanford?University,American,1800
128,Calligraphy in Running Script (xing shu),20th century,Calligraphy,Ink on paper,Artist unknown,None,https://cantorcollection.stanford.edu/Media/images/1989/1989.149.1_CDP-1-web.jpg,https://cantorcollection.stanford.edu/objects-1/info?query=mfs%20all%20%22china%22&sort=0&page=340,Gerald?Cantor?Center for Visual Arts at?Stanford?University,American,1900
129,Calligraphy in Seal Script (zhuan shu),18th century,Calligraphy,Ink on paper,Deng Shiru,None,https://cantorcollection.stanford.edu/Media/images/1989/1989.145_CDP-web.jpg,https://cantorcollection.stanford.edu/objects-1/info?query=mfs%20all%20%22china%22&sort=0&page=336,Gerald?Cantor?Center for Visual Arts at?Stanford?University,American,1700
130,Maiden in a Red Robe,1908,Painting,Oil on canvas,Ban Yasheng,None,https://cantorcollection.stanford.edu/Media/images/1989/1989.140_CDP-web.jpg,https://cantorcollection.stanford.edu/objects-1/info?query=mfs%20all%20%22china%22&sort=0&page=333,Gerald?Cantor?Center for Visual Arts at?Stanford?University,American,1908
131,Calligraphy,19th century,Calligraphy,Ink on paper,Zhao Zhiqian,None,https://cantorcollection.stanford.edu/Media/images/1989/1989.147.1_CDP-1-web.jpg,https://cantorcollection.stanford.edu/objects-1/info?query=mfs%20all%20%22china%22&sort=0&page=337,Gerald?Cantor?Center for Visual Arts at?Stanford?University,American,1800
132,Summer,1848,Painting,Oil on canvas,Fei Danxu,None,https://cantorcollection.stanford.edu/Media/images/1989/1989.142.1_CDP-web.jpg,https://cantorcollection.stanford.edu/objects-1/info?query=mfs%20all%20%22china%22&sort=0&page=334,Gerald?Cantor?Center for Visual Arts at?Stanford?University,American,1848
133,Chrysanthemums,20th century,Painting,Ink and color on paper,Chen Henke,None,https://cantorcollection.stanford.edu/Media/images/1997/1997.159_CDP-web.jpg,https://cantorcollection.stanford.edu/objects-1/info?query=mfs%20all%20%22china%22&sort=0&page=332,Gerald?Cantor?Center for Visual Arts at?Stanford?University,American,1900
134,Winter,1848,Painting,Oil on canvas,Fei Danxu,None,https://cantorcollection.stanford.edu/Media/images/1989/1989.142.2_CDP-web.jpg,https://cantorcollection.stanford.edu/objects-1/info?query=mfs%20all%20%22china%22&sort=0&page=342,Gerald?Cantor?Center for Visual Arts at?Stanford?University,American,1848
135,Autumn,1848,Painting,Oil on canvas,Fei Danxu,None,https://cantorcollection.stanford.edu/Media/images/1989/1989.142.4_CDP-web.jpg,https://cantorcollection.stanford.edu/objects-1/info?query=mfs%20all%20%22china%22&sort=0&page=344,Gerald?Cantor?Center for Visual Arts at?Stanford?University,American,1848
136,Tree and Hut,19th century,Painting,Ink and color on paper,Hu Gongshou,None,https://cantorcollection.stanford.edu/Media/images/1994/1994.127_CDP-web.jpg,https://cantorcollection.stanford.edu/objects-1/info?query=mfs%20all%20%22china%22&sort=0&page=347,Gerald?Cantor?Center for Visual Arts at?Stanford?University,American,1900
137,Spring,1848,Painting,Oil on canvas,Fei Danxu,None,https://cantorcollection.stanford.edu/Media/images/1989/1989.142.3_CDP-web.jpg,https://cantorcollection.stanford.edu/objects-1/info?query=mfs%20all%20%22china%22&sort=0&page=343,Gerald?Cantor?Center for Visual Arts at?Stanford?University,American,1848
138,Bird on a Rock with Roses,1888,Painting,Oil on canvas,Shu Hao,None,https://cantorcollection.stanford.edu/Media/images/1994/1994.128_CDP-web.jpg,https://cantorcollection.stanford.edu/objects-1/info?query=mfs%20all%20%22china%22&sort=0&page=348,Gerald?Cantor?Center for Visual Arts at?Stanford?University,American,1888
139,Bleeding Heart; Passion Flower; Morning Glories; Blue Daisies and Rhodod...,19th century,Painting,Ink and color on paper,Tang Shishu,None,https://cantorcollection.stanford.edu/Media/images/1993/1993.117.1_CDP-web.jpg,https://cantorcollection.stanford.edu/objects-1/info?query=mfs%20all%20%22china%22&sort=0&page=346,Gerald?Cantor?Center for Visual Arts at?Stanford?University,American,1900
140,Narcissus and Rock,17th century,Sculpture,Stone,Style of Zhu Da (Chu Ta) (Bada Shanren),None,https://cantorcollection.stanford.edu/Media/images/1994/1994.129_CDP-web.jpg,https://cantorcollection.stanford.edu/objects-1/info?query=mfs%20all%20%22china%22&sort=0&page=349,Gerald?Cantor?Center for Visual Arts at?Stanford?University,American,1700
141,Calligraphy in Running-Regular Script,1970,Calligraphy,Ink on paper,Wu Ping,None,https://cantorcollection.stanford.edu/Media/images/1991/1991.234_CDP-web.jpg,https://cantorcollection.stanford.edu/objects-1/info?query=mfs%20all%20%22china%22&sort=0&page=345,Gerald?Cantor?Center for Visual Arts at?Stanford?University,American,1970
142,Calligraphy in Running Script,17th century,Calligraphy,Ink on paper,Wang Yuanqi,None,https://cantorcollection.stanford.edu/Media/images/1990/1990.65_CDP-web.jpg,https://cantorcollection.stanford.edu/objects-1/info?query=mfs%20all%20%22china%22&sort=0&page=351,Gerald?Cantor?Center for Visual Arts at?Stanford?University,American,1700
143,Bowl,15th century-16th century,Ceramic,Porcelain,Artist unknown,None,https://cantorcollection.stanford.edu/Media/images/1998/1998.375_CDP-1-web.jpg,https://cantorcollection.stanford.edu/objects-1/info?query=mfs%20all%20%22china%22&sort=0&page=370,Gerald?Cantor?Center for Visual Arts at?Stanford?University,American,1600
144,April No. 4,1994,Painting,Oil on canvas,John Way,None,https://cantorcollection.stanford.edu/Media/images/1997/1997.203_CDP-web.jpg,https://cantorcollection.stanford.edu/objects-1/info?query=mfs%20all%20%22china%22&sort=0&page=363,Gerald?Cantor?Center for Visual Arts at?Stanford?University,American,1994
145,Calligraphy in Running Script,19th century,Calligraphy,Ink on paper,Yao Xiaoshan,None,https://cantorcollection.stanford.edu/Media/images/1996/1996.357_CDP-web.jpg,https://cantorcollection.stanford.edu/objects-1/info?query=mfs%20all%20%22china%22&sort=0&page=353,Gerald?Cantor?Center for Visual Arts at?Stanford?University,American,1900
146,Bowl,16th century-17th century,Ceramic,Porcelain,Artist unknown,None,https://cantorcollection.stanford.edu/Media/images/1998/1998.374_CDP-1-web.jpg,https://cantorcollection.stanford.edu/objects-1/info?query=mfs%20all%20%22china%22&sort=0&page=369,Gerald?Cantor?Center for Visual Arts at?Stanford?University,American,1700
147,Calligraphy in Running-Regular Script,19th century,Calligraphy,Ink on paper,Qian Shengyuan (Ch'ien Sheng-yuan),None,https://cantorcollection.stanford.edu/Media/images/1995/1995.222_CDP-web.jpg,https://cantorcollection.stanford.edu/objects-1/info?query=mfs%20all%20%22china%22&sort=0&page=365,Gerald?Cantor?Center for Visual Arts at?Stanford?University,American,1900
148,Landscape,1877,Painting,Oil on canvas,Yang Borun,None,https://cantorcollection.stanford.edu/Media/images/1997/1997.204_CDP-web.jpg,https://cantorcollection.stanford.edu/objects-1/info?query=mfs%20all%20%22china%22&sort=0&page=357,Gerald?Cantor?Center for Visual Arts at?Stanford?University,American,1877
149,Calligraphy,19th century,Calligraphy,Ink on paper,Potu (Po-t'u ?),None,https://cantorcollection.stanford.edu/Media/images/1996/1996.355_CDP-web.jpg,https://cantorcollection.stanford.edu/objects-1/info?query=mfs%20all%20%22china%22&sort=0&page=355,Gerald?Cantor?Center for Visual Arts at?Stanford?University,American,1900
150,Landscape after Huang Gongwang,1927,Painting,Ink and color on paper,Zhen Mo (Chen Mo),None,https://cantorcollection.stanford.edu/Media/images/1997/1997.206_CDP-web.jpg,https://cantorcollection.stanford.edu/objects-1/info?query=mfs%20all%20%22china%22&sort=0&page=361,Gerald?Cantor?Center for Visual Arts at?Stanford?University,American,1927
151,Monk,1900,Sculpture,Bronze,Lu Hui,None,https://cantorcollection.stanford.edu/Media/images/1997/1997.202_CDP-web.jpg,https://cantorcollection.stanford.edu/objects-1/info?query=mfs%20all%20%22china%22&sort=0&page=358,Gerald?Cantor?Center for Visual Arts at?Stanford?University,American,1900
152,Calligraphy in Regular Script,19th century,Calligraphy,Ink on paper,Bao Yuanshen,None,https://cantorcollection.stanford.edu/Media/images/1997/1997.199_CDP-web.jpg,https://cantorcollection.stanford.edu/objects-1/info?query=mfs%20all%20%22china%22&sort=0&page=360,Gerald?Cantor?Center for Visual Arts at?Stanford?University,American,1900
153,Calligraphy: Chen Shan Mei,20th century,Calligraphy,Ink on paper,C. C. Wang (Wang Jiqian),None,https://cantorcollection.stanford.edu/Media/images/1998/1998.376_CDP-web.jpg,https://cantorcollection.stanford.edu/objects-1/info?query=mfs%20all%20%22china%22&sort=0&page=371,Gerald?Cantor?Center for Visual Arts at?Stanford?University,American,2000
154,Running Serpent,"Asia, China",Sculpture,Jade,Artist unknown,None,https://cantorcollection.stanford.edu/Media/images/1989/1989.149.2_CDP-1-web.jpg,https://cantorcollection.stanford.edu/objects-1/info?query=mfs%20all%20%22china%22&sort=0&page=372,Gerald?Cantor?Center for Visual Arts at?Stanford?University,American,1700
155,Calligraphy in Clerical Script,19th century,Calligraphy,Ink on paper,Zhang Xi,None,https://cantorcollection.stanford.edu/Media/images/1997/1997.205_CDP-web.jpg,https://cantorcollection.stanford.edu/objects-1/info?query=mfs%20all%20%22china%22&sort=0&page=359,Gerald?Cantor?Center for Visual Arts at?Stanford?University,American,1900
156,Bowl,c. 1650,Ceramic,Porcelain,Artist unknown,None,https://cantorcollection.stanford.edu/Media/images/2005/2005.21_CDP-1-web.jpg,https://cantorcollection.stanford.edu/objects-1/info?query=mfs%20all%20%22china%22&sort=0&page=377,Gerald?Cantor?Center for Visual Arts at?Stanford?University,American,1650
157,Calligraphy,1877,Calligraphy,Ink on paper,Zui Wei,None,https://cantorcollection.stanford.edu/Media/images/1995/1995.225_CDP-web.jpg,https://cantorcollection.stanford.edu/objects-1/info?query=mfs%20all%20%22china%22&sort=0&page=368,Gerald?Cantor?Center for Visual Arts at?Stanford?University,American,1877
158,Calligraphy in Running-Regular Script,19th century,Calligraphy,Ink on paper,Peng Yulin,None,https://cantorcollection.stanford.edu/Media/images/1995/1995.221_CDP-web.jpg,https://cantorcollection.stanford.edu/objects-1/info?query=mfs%20all%20%22china%22&sort=0&page=364,Gerald?Cantor?Center for Visual Arts at?Stanford?University,American,1900
159,Calligraphy in Running Script,18th century,Calligraphy,Ink on paper,Yong Xing,None,https://cantorcollection.stanford.edu/Media/images/1990/1990.22_CDP-1-web.jpg,https://cantorcollection.stanford.edu/objects-1/info?query=mfs%20all%20%22china%22&sort=0&page=350,Gerald?Cantor?Center for Visual Arts at?Stanford?University,American,1800
160,Calligraphy,19th century,Calligraphy,Ink on paper,Yang Xiusun,None,https://cantorcollection.stanford.edu/Media/images/1996/1996.356_CDP-web.jpg,https://cantorcollection.stanford.edu/objects-1/info?query=mfs%20all%20%22china%22&sort=0&page=352,Gerald?Cantor?Center for Visual Arts at?Stanford?University,American,1900
161,Calligraphy,19th century,Calligraphy,Ink on paper,Ban (Pan ?),None,https://cantorcollection.stanford.edu/Media/images/1996/1996.354_CDP-web.jpg,https://cantorcollection.stanford.edu/objects-1/info?query=mfs%20all%20%22china%22&sort=0&page=354,Gerald?Cantor?Center for Visual Arts at?Stanford?University,American,1900
162,Ding (Ting),1827,Vessel,Bronze,Jiang Zao (Chiang Tsao),None,https://cantorcollection.stanford.edu/Media/images/1997/1997.201_CDP-web.jpg,https://cantorcollection.stanford.edu/objects-1/info?query=mfs%20all%20%22china%22&sort=0&page=362,Gerald?Cantor?Center for Visual Arts at?Stanford?University,American,1827
163,Brush Washer,17th century-18th century,Vessel,Porcelain,Artist unknown,None,https://cantorcollection.stanford.edu/Media/images/2005/2005.22_CDP-1-web.jpg,https://cantorcollection.stanford.edu/objects-1/info?query=mfs%20all%20%22china%22&sort=0&page=379,Gerald?Cantor?Center for Visual Arts at?Stanford?University,American,1800
164,Saucer for Snuff,18th century,Vessel,Porcelain,Artist unknown,None,https://cantorcollection.stanford.edu/Media/images/2005/2005.24_CDP-1-web.jpg,https://cantorcollection.stanford.edu/objects-1/info?query=mfs%20all%20%22china%22&sort=0&page=378,Gerald?Cantor?Center for Visual Arts at?Stanford?University,American,1800
165,Pine Tree and Orchids,19th century,Painting,Ink and color on paper,Hu Gongshou,None,https://cantorcollection.stanford.edu/Media/images/1997/1997.200_CDP-1-web.jpg,https://cantorcollection.stanford.edu/objects-1/info?query=mfs%20all%20%22china%22&sort=0&page=356,Gerald?Cantor?Center for Visual Arts at?Stanford?University,American,1900
166,Calligraphy in Running-Regular Script (xing kaishu),19th century,Calligraphy,Ink on paper,Shen Jingxiu (Shen Ching-hsiu),None,https://cantorcollection.stanford.edu/Media/images/1995/1995.224_CDP-web.jpg,https://cantorcollection.stanford.edu/objects-1/info?query=mfs%20all%20%22china%22&sort=0&page=367,Gerald?Cantor?Center for Visual Arts at?Stanford?University,American,1900
167,Snuff Bottle,c. 1800,Vessel,Glass,Artist unknown,None,https://cantorcollection.stanford.edu/Media/images/2005/2005.26_CDP-1-web.jpg,https://cantorcollection.stanford.edu/objects-1/info?query=mfs%20all%20%22china%22&sort=0&page=374,Gerald?Cantor?Center for Visual Arts at?Stanford?University,American,1800
168,Head,c. 200 BCE - 1 BCE,Sculpture,Stone,Artist unknown,None,https://cantorcollection.stanford.edu/Media/images/2005/2005.27_CDP-1-web.jpg,https://cantorcollection.stanford.edu/objects-1/info?query=mfs%20all%20%22china%22&sort=0&page=376,Gerald?Cantor?Center for Visual Arts at?Stanford?University,American,1550
169,Calligraphy in Running-Regular Script (xing kaishu),19th century,Calligraphy,Ink on paper,Chen Baozhen,None,https://cantorcollection.stanford.edu/Media/images/1995/1995.223_CDP-web.jpg,https://cantorcollection.stanford.edu/objects-1/info?query=mfs%20all%20%22china%22&sort=0&page=366,Gerald?Cantor?Center for Visual Arts at?Stanford?University,American,1900
170,Snuff Bottle,1750-1800,Vessel,Glass,Artist unknown,None,https://cantorcollection.stanford.edu/Media/images/2005/2005.25_CDP-1-web.jpg,https://cantorcollection.stanford.edu/objects-1/info?query=mfs%20all%20%22china%22&sort=0&page=373,Gerald?Cantor?Center for Visual Arts at?Stanford?University,American,1800
171,Bowl,16th century,Ceramic,Porcelain,Artist unknown,None,https://cantorcollection.stanford.edu/Media/images/2005/2005.20_CDP-1-web.jpg,https://cantorcollection.stanford.edu/objects-1/info?query=mfs%20all%20%22china%22&sort=0&page=380,Gerald?Cantor?Center for Visual Arts at?Stanford?University,American,1600
172,Calligraphy in Oracle Bone Script,16450,Calligraphy,Ink on paper,Dong Zuo Bin,None,https://cantorcollection.stanford.edu/Media/images/2002/2002.140.1_CDP-web.jpg,https://cantorcollection.stanford.edu/objects-1/info?query=mfs%20all%20%22china%22&sort=0&page=383,Gerald?Cantor?Center for Visual Arts at?Stanford?University,American,1450
173,Landscape,1940,Painting,Oil on canvas,Lu Yanshao,None,https://cantorcollection.stanford.edu/Media/images/2002/2002.144_CDP-web.jpg,https://cantorcollection.stanford.edu/objects-1/info?query=mfs%20all%20%22china%22&sort=0&page=384,Gerald?Cantor?Center for Visual Arts at?Stanford?University,American,1940
174,The Sun and the Sunlight (Tai yang ri guang),1944,Print,Woodcut print,Artist unknown,None,https://cantorcollection.stanford.edu/Media/images/2002/2002.172_CDP-web.jpg,https://cantorcollection.stanford.edu/objects-1/info?query=mfs%20all%20%22china%22&sort=0&page=395,Gerald?Cantor?Center for Visual Arts at?Stanford?University,American,1944
175,The God of Horses (Ma ming wang zhi sheng),1944,Print,Woodcut print,Artist unknown,None,https://cantorcollection.stanford.edu/Media/images/2002/2002.176_CDP-web.jpg,https://cantorcollection.stanford.edu/objects-1/info?query=mfs%20all%20%22china%22&sort=0&page=399,Gerald?Cantor?Center for Visual Arts at?Stanford?University,American,1944
176,Calligraphy in Oracle Bone Script,1946,Calligraphy,Ink on paper,Dong Zuo Bin,None,https://cantorcollection.stanford.edu/Media/images/2002/2002.141_CDP-web.jpg,https://cantorcollection.stanford.edu/objects-1/info?query=mfs%20all%20%22china%22&sort=0&page=385,Gerald?Cantor?Center for Visual Arts at?Stanford?University,American,1946
177,The Gods of Great Fortune Who Will Increase Happiness and Good Luck (Zeng fu cai shen),1944,Print,Woodcut print,Artist unknown,None,https://cantorcollection.stanford.edu/Media/images/2002/2002.168_CDP-web.jpg,https://cantorcollection.stanford.edu/objects-1/info?query=mfs%20all%20%22china%22&sort=0&page=391,Gerald?Cantor?Center for Visual Arts at?Stanford?University,American,1944
178,The God of Wealth Hei Hu Xuan Tan,1944,Print,Woodcut print,Artist unknown,None,https://cantorcollection.stanford.edu/Media/images/2002/2002.183_CDP-web.jpg,https://cantorcollection.stanford.edu/objects-1/info?query=mfs%20all%20%22china%22&sort=0&page=406,Gerald?Cantor?Center for Visual Arts at?Stanford?University,American,1944
179,Ruler of Demons (Gui Wang pu sa),1944,Print,Woodcut print,Artist unknown,None,https://cantorcollection.stanford.edu/Media/images/2002/2002.187_CDP-web.jpg,https://cantorcollection.stanford.edu/objects-1/info?query=mfs%20all%20%22china%22&sort=0&page=410,Gerald?Cantor?Center for Visual Arts at?Stanford?University,American,1944
180,Various Buddhas and All Saints (Zhu fo zong sheng),1944,Print,Woodcut print,Artist unknown,None,https://cantorcollection.stanford.edu/Media/images/2002/2002.163_CDP-web.jpg,https://cantorcollection.stanford.edu/objects-1/info?query=mfs%20all%20%22china%22&sort=0&page=386,Gerald?Cantor?Center for Visual Arts at?Stanford?University,American,1944
181,The Buddha Who Helps Heaven and Protects the Country (Xie tian hu guo fo),1944,Print,Woodcut print,Artist unknown,None,https://cantorcollection.stanford.edu/Media/images/2002/2002.173_CDP-web.jpg,https://cantorcollection.stanford.edu/objects-1/info?query=mfs%20all%20%22china%22&sort=0&page=396,Gerald?Cantor?Center for Visual Arts at?Stanford?University,American,1944
182,The Taoist God Wen Chang (Wen chang di jun),1944,Print,Woodcut print,Artist unknown,None,https://cantorcollection.stanford.edu/Media/images/2002/2002.186_CDP-web.jpg,https://cantorcollection.stanford.edu/objects-1/info?query=mfs%20all%20%22china%22&sort=0&page=409,Gerald?Cantor?Center for Visual Arts at?Stanford?University,American,1944
183,Beautiful Night - Miyajima Shrine,1928,Print,Woodcut print,Kawase Hasui,None,https://cantorcollection.stanford.edu/Media/images/2002/2002.39_CDP-web.jpg,https://cantorcollection.stanford.edu/objects-1/info?query=mfs%20all%20%22china%22&sort=0&page=381,Gerald?Cantor?Center for Visual Arts at?Stanford?University,American,1928
184,Pandaravasini (Bai yi pu sa),1944,Print,Woodcut print,Artist unknown,None,https://cantorcollection.stanford.edu/Media/images/2002/2002.185_CDP-web.jpg,https://cantorcollection.stanford.edu/objects-1/info?query=mfs%20all%20%22china%22&sort=0&page=408,Gerald?Cantor?Center for Visual Arts at?Stanford?University,American,1944
185,The Great Ancestor Lu ban (Lu ban lao zu),1944,Print,Woodcut print,Artist unknown,None,https://cantorcollection.stanford.edu/Media/images/2002/2002.165_CDP-web.jpg,https://cantorcollection.stanford.edu/objects-1/info?query=mfs%20all%20%22china%22&sort=0&page=388,Gerald?Cantor?Center for Visual Arts at?Stanford?University,American,1944
186,The God of Great Fortune Who Will Increase Happiness and Good Luck (Zeng fu cai shen),1944,Print,Woodcut print,Artist unknown,None,https://cantorcollection.stanford.edu/Media/images/2002/2002.178_CDP-web.jpg,https://cantorcollection.stanford.edu/objects-1/info?query=mfs%20all%20%22china%22&sort=0&page=401,Gerald?Cantor?Center for Visual Arts at?Stanford?University,American,1944
187,The God of Happiness (Xi shen zhi wei),1944,Print,Woodcut print,Artist unknown,None,https://cantorcollection.stanford.edu/Media/images/2002/2002.182_CDP-web.jpg,https://cantorcollection.stanford.edu/objects-1/info?query=mfs%20all%20%22china%22&sort=0&page=405,Gerald?Cantor?Center for Visual Arts at?Stanford?University,American,1944
188,The Four Kings of the Golden Dragon (Jin long si da wang),1944,Print,Woodcut print,Artist unknown,None,https://cantorcollection.stanford.edu/Media/images/2002/2002.169_CDP-web.jpg,https://cantorcollection.stanford.edu/objects-1/info?query=mfs%20all%20%22china%22&sort=0&page=392,Gerald?Cantor?Center for Visual Arts at?Stanford?University,American,1944
189,The God of Bridges (Qiao shen),1944,Print,Woodcut print,Artist unknown,None,https://cantorcollection.stanford.edu/Media/images/2002/2002.171_CDP-web.jpg,https://cantorcollection.stanford.edu/objects-1/info?query=mfs%20all%20%22china%22&sort=0&page=394,Gerald?Cantor?Center for Visual Arts at?Stanford?University,American,1944
190,Ksitigarbha (Di sang pu sa),1944,Print,Woodcut print,Artist unknown,None,https://cantorcollection.stanford.edu/Media/images/2002/2002.181_CDP-web.jpg,https://cantorcollection.stanford.edu/objects-1/info?query=mfs%20all%20%22china%22&sort=0&page=404,Gerald?Cantor?Center for Visual Arts at?Stanford?University,American,1944
191,"Bhaisajyaraja, the God of Medicine (Ling ying yao wang)",1944,Print,Woodcut print,Artist unknown,None,https://cantorcollection.stanford.edu/Media/images/2002/2002.177_CDP-web.jpg,https://cantorcollection.stanford.edu/objects-1/info?query=mfs%20all%20%22china%22&sort=0&page=400,Gerald?Cantor?Center for Visual Arts at?Stanford?University,American,1944
192,The Deity Ling Ying Cheng Huang,1944,Print,Woodcut print,Artist unknown,None,https://cantorcollection.stanford.edu/Media/images/2002/2002.184_CDP-web.jpg,https://cantorcollection.stanford.edu/objects-1/info?query=mfs%20all%20%22china%22&sort=0&page=407,Gerald?Cantor?Center for Visual Arts at?Stanford?University,American,1944
193,The Blue Dragon on the Left (Zuo qing long),1944,Print,Woodcut print,Artist unknown,None,https://cantorcollection.stanford.edu/Media/images/2002/2002.166_CDP-web.jpg,https://cantorcollection.stanford.edu/objects-1/info?query=mfs%20all%20%22china%22&sort=0&page=389,Gerald?Cantor?Center for Visual Arts at?Stanford?University,American,1944
194,The Buddha of the Western Heaven (Xi tian fo ye),1944,Print,Woodcut print,Artist unknown,None,https://cantorcollection.stanford.edu/Media/images/2002/2002.170_CDP-web.jpg,https://cantorcollection.stanford.edu/objects-1/info?query=mfs%20all%20%22china%22&sort=0&page=393,Gerald?Cantor?Center for Visual Arts at?Stanford?University,American,1944
195,The True Lord of Great Morality (Da de zhen jun),1944,Print,Woodcut print,Artist unknown,None,https://cantorcollection.stanford.edu/Media/images/2002/2002.179_CDP-web.jpg,https://cantorcollection.stanford.edu/objects-1/info?query=mfs%20all%20%22china%22&sort=0&page=402,Gerald?Cantor?Center for Visual Arts at?Stanford?University,American,1944
196,The Goddesses of Tai Mountain (Tai shan niang niang),1944,Print,Woodcut print,Artist unknown,None,https://cantorcollection.stanford.edu/Media/images/2002/2002.175_CDP-web.jpg,https://cantorcollection.stanford.edu/objects-1/info?query=mfs%20all%20%22china%22&sort=0&page=398,Gerald?Cantor?Center for Visual Arts at?Stanford?University,American,1944
197,The Sacred Seats of Various Gods: The Hall Full of Gold and Jade (Zhong zian ji zhi shen wei: jin yu man tang),1944,Print,Woodcut print,Artist unknown,None,https://cantorcollection.stanford.edu/Media/images/2002/2002.164_CDP-web.jpg,https://cantorcollection.stanford.edu/objects-1/info?query=mfs%20all%20%22china%22&sort=0&page=387,Gerald?Cantor?Center for Visual Arts at?Stanford?University,American,1944
198,The Protector of the Laws: Wei tuo (Hu fa wei tuo),1944,Print,Woodcut print,Artist unknown,None,https://cantorcollection.stanford.edu/Media/images/2002/2002.167_CDP-web.jpg,https://cantorcollection.stanford.edu/objects-1/info?query=mfs%20all%20%22china%22&sort=0&page=390,Gerald?Cantor?Center for Visual Arts at?Stanford?University,American,1944
199,Manjusri (Wen shu pu sa),1944,Print,Woodcut print,Artist unknown,None,https://cantorcollection.stanford.edu/Media/images/2002/2002.174_CDP-web.jpg,https://cantorcollection.stanford.edu/objects-1/info?query=mfs%20all%20%22china%22&sort=0&page=397,Gerald?Cantor?Center for Visual Arts at?Stanford?University,American,1944
200,The Goddess of Offspring (Zi sun niang niang),1944,Print,Woodcut print,Artist unknown,None,https://cantorcollection.stanford.edu/Media/images/2002/2002.180_CDP-web.jpg,https://cantorcollection.stanford.edu/objects-1/info?query=mfs%20all%20%22china%22&sort=0&page=403,Gerald?Cantor?Center for Visual Arts at?Stanford?University,American,1944
201,Family Ancestors (?) (Ming yi jia tang),1944,Print,Woodcut print,Artist unknown,None,https://cantorcollection.stanford.edu/Media/images/2002/2002.189_CDP-web.jpg,https://cantorcollection.stanford.edu/objects-1/info?query=mfs%20all%20%22china%22&sort=0&page=412,Gerald?Cantor?Center for Visual Arts at?Stanford?University,American,1944
202,The Deity San Jie Zhi Fu,1944,Print,Woodcut print,Artist unknown,None,https://cantorcollection.stanford.edu/Media/images/2002/2002.188_CDP-web.jpg,https://cantorcollection.stanford.edu/objects-1/info?query=mfs%20all%20%22china%22&sort=0&page=411,Gerald?Cantor?Center for Visual Arts at?Stanford?University,American,1944
203,The Dragon King of the Sea (Shui fu long wang),1944,Print,Woodcut print,Artist unknown,None,https://cantorcollection.stanford.edu/Media/images/2002/2002.196_CDP-web.jpg,https://cantorcollection.stanford.edu/objects-1/info?query=mfs%20all%20%22china%22&sort=0&page=419,Gerald?Cantor?Center for Visual Arts at?Stanford?University,American,1944
204,The Goddess of Eyesight (Yan guang niang niang),1944,Print,Woodcut print,Artist unknown,None,https://cantorcollection.stanford.edu/Media/images/2002/2002.207_CDP-web.jpg,https://cantorcollection.stanford.edu/objects-1/info?query=mfs%20all%20%22china%22&sort=0&page=430,Gerald?Cantor?Center for Visual Arts at?Stanford?University,American,1944
205,The Deity Tu Ke,1944,Print,Woodcut print,Artist unknown,None,https://cantorcollection.stanford.edu/Media/images/2002/2002.210_CDP-web.jpg,https://cantorcollection.stanford.edu/objects-1/info?query=mfs%20all%20%22china%22&sort=0&page=433,Gerald?Cantor?Center for Visual Arts at?Stanford?University,American,1944
206,The Deity Xian feng da zong jang jun ji su shan shen (?) tian ren (?) jie (?) zi,1944,Print,Woodcut print,Artist unknown,None,https://cantorcollection.stanford.edu/Media/images/2002/2002.205_CDP-web.jpg,https://cantorcollection.stanford.edu/objects-1/info?query=mfs%20all%20%22china%22&sort=0&page=428,Gerald?Cantor?Center for Visual Arts at?Stanford?University,American,1944
207,Ma Siwu Mediating a Marital Dispute (Ma siwu tiao jie hun yin an),1944,Print,Woodcut print,Gu Yuan,None,https://cantorcollection.stanford.edu/Media/images/2002/2002.145.2_CDP-web.jpg,https://cantorcollection.stanford.edu/objects-1/info?query=mfs%20all%20%22china%22&sort=0&page=439,Gerald?Cantor?Center for Visual Arts at?Stanford?University,American,1944
208,The Deity Jian Tan,1944,Print,Woodcut print,Artist unknown,None,https://cantorcollection.stanford.edu/Media/images/2002/2002.200_CDP-web.jpg,https://cantorcollection.stanford.edu/objects-1/info?query=mfs%20all%20%22china%22&sort=0&page=423,Gerald?Cantor?Center for Visual Arts at?Stanford?University,American,1944
209,The Dragon-drawn Chariot (Tian di long che),1944,Print,Woodcut print,Artist unknown,None,https://cantorcollection.stanford.edu/Media/images/2002/2002.195_CDP-web.jpg,https://cantorcollection.stanford.edu/objects-1/info?query=mfs%20all%20%22china%22&sort=0&page=418,Gerald?Cantor?Center for Visual Arts at?Stanford?University,American,1944
210,Confucius (Zhi sheng zong shi),1944,Print,Woodcut print,Artist unknown,None,https://cantorcollection.stanford.edu/Media/images/2002/2002.206_CDP-web.jpg,https://cantorcollection.stanford.edu/objects-1/info?query=mfs%20all%20%22china%22&sort=0&page=429,Gerald?Cantor?Center for Visual Arts at?Stanford?University,American,1944
211,The Deity Xun Tan,1944,Print,Woodcut print,Artist unknown,None,https://cantorcollection.stanford.edu/Media/images/2002/2002.192_CDP-web.jpg,https://cantorcollection.stanford.edu/objects-1/info?query=mfs%20all%20%22china%22&sort=0&page=415,Gerald?Cantor?Center for Visual Arts at?Stanford?University,American,1944
212,The Deity Hu Guo Guan Hui Wang,1944,Print,Woodcut print,Artist unknown,None,https://cantorcollection.stanford.edu/Media/images/2002/2002.209_CDP-web.jpg,https://cantorcollection.stanford.edu/objects-1/info?query=mfs%20all%20%22china%22&sort=0&page=432,Gerald?Cantor?Center for Visual Arts at?Stanford?University,American,1944
213,The God of the Earth (Fu de zheng shen),1944,Print,Woodcut print,Artist unknown,None,https://cantorcollection.stanford.edu/Media/images/2002/2002.211_CDP-web.jpg,https://cantorcollection.stanford.edu/objects-1/info?query=mfs%20all%20%22china%22&sort=0&page=434,Gerald?Cantor?Center for Visual Arts at?Stanford?University,American,1944
214,Door Guards (Men cheng hu wei),1944,Print,Woodcut print,Artist unknown,None,https://cantorcollection.stanford.edu/Media/images/2002/2002.190_CDP-web.jpg,https://cantorcollection.stanford.edu/objects-1/info?query=mfs%20all%20%22china%22&sort=0&page=413,Gerald?Cantor?Center for Visual Arts at?Stanford?University,American,1944
215,The White Tiger of the Right (You bai hu),1944,Print,Woodcut print,Artist unknown,None,https://cantorcollection.stanford.edu/Media/images/2002/2002.197_CDP-web.jpg,https://cantorcollection.stanford.edu/objects-1/info?query=mfs%20all%20%22china%22&sort=0&page=420,Gerald?Cantor?Center for Visual Arts at?Stanford?University,American,1944
216,Zhang the Immortal Who Blesses Millions of Generations (Zhang xian wan dai),1944,Print,Woodcut print,Artist unknown,None,https://cantorcollection.stanford.edu/Media/images/2002/2002.198_CDP-web.jpg,https://cantorcollection.stanford.edu/objects-1/info?query=mfs%20all%20%22china%22&sort=0&page=421,Gerald?Cantor?Center for Visual Arts at?Stanford?University,American,1944
217,The Kitchen God (Si ming zao jun),1944,Print,Woodcut print,Artist unknown,None,https://cantorcollection.stanford.edu/Media/images/2002/2002.194_CDP-web.jpg,https://cantorcollection.stanford.edu/objects-1/info?query=mfs%20all%20%22china%22&sort=0&page=417,Gerald?Cantor?Center for Visual Arts at?Stanford?University,American,1944
218,"Portfolio for ""Selected Woodcut Prints from the Lu Xun Art Academy"" (""Lu yi me ke xuan ji"")",1944,Book,Paper,Artist unknown,None,https://cantorcollection.stanford.edu/Media/images/2002/2002.145.12_CDP-web.jpg,https://cantorcollection.stanford.edu/objects-1/info?query=mfs%20all%20%22china%22&sort=0&page=437,Gerald?Cantor?Center for Visual Arts at?Stanford?University,American,1944
219,Samantabhadra (Pu xian pu sa),1944,Print,Woodcut print,Artist unknown,None,https://cantorcollection.stanford.edu/Media/images/2002/2002.203_CDP-web.jpg,https://cantorcollection.stanford.edu/objects-1/info?query=mfs%20all%20%22china%22&sort=0&page=426,Gerald?Cantor?Center for Visual Arts at?Stanford?University,American,1944
220,Getting Back Our Food and Cattle (Duo hui liang shi han niu yang),1944,Print,Woodcut print,Wo Zha,None,https://cantorcollection.stanford.edu/Media/images/2002/2002.145.5_CDP-web.jpg,https://cantorcollection.stanford.edu/objects-1/info?query=mfs%20all%20%22china%22&sort=0&page=440,Gerald?Cantor?Center for Visual Arts at?Stanford?University,American,1944
221,The Buddha of the Western Heaven (Si tian fo ye),1944,Print,Woodcut print,Artist unknown,None,https://cantorcollection.stanford.edu/Media/images/2002/2002.213_CDP-web.jpg,https://cantorcollection.stanford.edu/objects-1/info?query=mfs%20all%20%22china%22&sort=0&page=436,Gerald?Cantor?Center for Visual Arts at?Stanford?University,American,1944
222,The Kitchen God (Si ming zao jun),1944,Print,Woodcut print,Artist unknown,None,https://cantorcollection.stanford.edu/Media/images/2002/2002.199_CDP-web.jpg,https://cantorcollection.stanford.edu/objects-1/info?query=mfs%20all%20%22china%22&sort=0&page=422,Gerald?Cantor?Center for Visual Arts at?Stanford?University,American,1944
223,The Daoist Deity Tai Shong Lao Jun,1944,Print,Woodcut print,Artist unknown,None,https://cantorcollection.stanford.edu/Media/images/2002/2002.202_CDP-web.jpg,https://cantorcollection.stanford.edu/objects-1/info?query=mfs%20all%20%22china%22&sort=0&page=425,Gerald?Cantor?Center for Visual Arts at?Stanford?University,American,1944
224,Avalokitesvara (Guan shi yih pu sa),1944,Print,Woodcut print,Artist unknown,None,https://cantorcollection.stanford.edu/Media/images/2002/2002.191_CDP-web.jpg,https://cantorcollection.stanford.edu/objects-1/info?query=mfs%20all%20%22china%22&sort=0&page=414,Gerald?Cantor?Center for Visual Arts at?Stanford?University,American,1944
225,Cundi (Zhun ti pu sa),1944,Print,Woodcut print,Artist unknown,None,https://cantorcollection.stanford.edu/Media/images/2002/2002.204_CDP-web.jpg,https://cantorcollection.stanford.edu/objects-1/info?query=mfs%20all%20%22china%22&sort=0&page=427,Gerald?Cantor?Center for Visual Arts at?Stanford?University,American,1944
